Subframe,Index,Service_type,Handover,Packet_size,Packet_size_norm
0,0,4,0,32,0.11851851851851852
0,1,3,0,18,0.06666666666666667
0,2,4,0,168,0.6222222222222222
0,3,3,0,26,0.0962962962962963
0,4,5,0,87,0.32222222222222224
0,5,1,0,75,0.2777777777777778
0,6,1,0,40,0.14814814814814814
0,7,0,0,22,0.08148148148148149
0,8,3,0,33,0.12222222222222222
0,9,3,0,20,0.07407407407407407
0,10,1,0,63,0.23333333333333334
0,11,3,0,60,0.2222222222222222
0,12,3,0,15,0.05555555555555555
0,13,3,0,19,0.07037037037037037
0,14,3,0,23,0.08518518518518518
0,15,1,0,35,0.12962962962962962
0,16,2,1,52,0.1925925925925926
0,17,0,0,16,0.05925925925925926
0,18,3,0,15,0.05555555555555555
1,0,4,0,66,0.24444444444444444
1,1,5,0,51,0.18888888888888888
1,2,1,1,30,0.1111111111111111
1,3,2,0,55,0.2037037037037037
1,4,3,0,18,0.06666666666666667
1,5,0,0,35,0.12962962962962962
1,6,0,0,19,0.07037037037037037
1,7,4,0,40,0.14814814814814814
1,8,3,0,16,0.05925925925925926
1,9,1,1,47,0.17407407407407408
1,10,5,0,66,0.24444444444444444
1,11,4,0,32,0.11851851851851852
1,12,0,0,16,0.05925925925925926
1,13,4,0,66,0.24444444444444444
1,14,1,0,47,0.17407407407407408
1,15,0,0,20,0.07407407407407407
1,16,2,0,64,0.23703703703703705
1,17,0,0,32,0.11851851851851852
1,18,4,0,31,0.11481481481481481
1,19,4,0,98,0.362962962962963
1,20,2,0,138,0.5111111111111111
1,21,1,0,33,0.12222222222222222
1,22,4,0,33,0.12222222222222222
1,23,0,0,16,0.05925925925925926
1,24,3,1,27,0.1
1,25,2,0,123,0.45555555555555555
1,26,5,0,50,0.18518518518518517
1,27,5,1,68,0.2518518518518518
1,28,1,0,58,0.21481481481481482
1,29,5,0,48,0.17777777777777778
1,30,0,0,19,0.07037037037037037
1,31,3,0,21,0.07777777777777778
1,32,1,0,32,0.11851851851851852
1,33,2,1,81,0.3
1,34,1,0,32,0.11851851851851852
1,35,4,0,31,0.11481481481481481
1,36,1,0,109,0.40370370370370373
1,37,4,0,34,0.1259259259259259
1,38,2,1,56,0.2074074074074074
1,39,4,0,60,0.2222222222222222
1,40,4,0,45,0.16666666666666666
1,41,4,0,34,0.1259259259259259
1,42,5,0,92,0.34074074074074073
1,43,0,0,15,0.05555555555555555
1,44,3,1,16,0.05925925925925926
1,45,1,0,32,0.11851851851851852
2,0,0,0,22,0.08148148148148149
2,1,5,0,65,0.24074074074074073
2,2,2,0,270,1.0
2,3,0,0,16,0.05925925925925926
2,4,4,0,40,0.14814814814814814
2,5,2,1,47,0.17407407407407408
2,6,3,1,24,0.08888888888888889
2,7,3,0,18,0.06666666666666667
2,8,1,0,108,0.4
2,9,5,0,61,0.22592592592592592
2,10,1,0,39,0.14444444444444443
2,11,1,0,56,0.2074074074074074
2,12,2,1,63,0.23333333333333334
2,13,1,0,37,0.13703703703703704
2,14,1,0,38,0.14074074074074075
2,15,3,0,42,0.15555555555555556
2,16,3,0,24,0.08888888888888889
3,0,3,0,17,0.06296296296296296
3,1,2,1,49,0.1814814814814815
3,2,3,0,19,0.07037037037037037
3,3,4,0,34,0.1259259259259259
3,4,1,0,33,0.12222222222222222
3,5,5,0,54,0.2
3,6,4,0,35,0.12962962962962962
3,7,2,0,51,0.18888888888888888
3,8,0,0,31,0.11481481481481481
3,9,2,0,45,0.16666666666666666
3,10,5,0,57,0.2111111111111111
3,11,4,0,86,0.31851851851851853
3,12,2,0,91,0.337037037037037
3,13,5,0,93,0.34444444444444444
3,14,5,0,50,0.18518518518518517
3,15,0,0,25,0.09259259259259259
3,16,4,0,64,0.23703703703703705
3,17,2,0,90,0.3333333333333333
3,18,4,0,32,0.11851851851851852
3,19,0,0,24,0.08888888888888889
3,20,5,0,62,0.22962962962962963
3,21,1,1,35,0.12962962962962962
3,22,3,0,32,0.11851851851851852
3,23,1,0,46,0.17037037037037037
3,24,0,0,63,0.23333333333333334
3,25,2,0,91,0.337037037037037
3,26,2,0,127,0.4703703703703704
3,27,3,0,20,0.07407407407407407
3,28,0,0,19,0.07037037037037037
3,29,5,0,61,0.22592592592592592
3,30,1,0,52,0.1925925925925926
3,31,2,0,45,0.16666666666666666
3,32,0,1,18,0.06666666666666667
3,33,5,0,78,0.28888888888888886
3,34,1,1,36,0.13333333333333333
4,0,5,1,75,0.2777777777777778
4,1,2,0,55,0.2037037037037037
4,2,2,1,89,0.3296296296296296
4,3,0,0,20,0.07407407407407407
4,4,0,1,18,0.06666666666666667
4,5,5,0,52,0.1925925925925926
4,6,2,0,62,0.22962962962962963
4,7,1,1,32,0.11851851851851852
4,8,0,1,15,0.05555555555555555
4,9,1,1,47,0.17407407407407408
4,10,1,0,34,0.1259259259259259
4,11,5,0,57,0.2111111111111111
4,12,1,0,41,0.15185185185185185
4,13,2,1,69,0.25555555555555554
4,14,4,0,32,0.11851851851851852
4,15,5,1,210,0.7777777777777778
4,16,1,0,39,0.14444444444444443
4,17,5,0,48,0.17777777777777778
4,18,2,0,109,0.40370370370370373
4,19,0,0,19,0.07037037037037037
4,20,4,0,40,0.14814814814814814
4,21,0,1,16,0.05925925925925926
4,22,3,0,21,0.07777777777777778
4,23,2,0,57,0.2111111111111111
4,24,4,0,77,0.2851851851851852
4,25,2,0,46,0.17037037037037037
4,26,0,0,36,0.13333333333333333
4,27,1,0,45,0.16666666666666666
4,28,4,0,53,0.1962962962962963
4,29,0,0,17,0.06296296296296296
4,30,3,0,49,0.1814814814814815
4,31,5,0,65,0.24074074074074073
4,32,3,0,15,0.05555555555555555
4,33,1,0,113,0.4185185185185185
4,34,4,0,103,0.3814814814814815
4,35,5,0,64,0.23703703703703705
4,36,1,0,48,0.17777777777777778
4,37,0,0,18,0.06666666666666667
4,38,4,1,35,0.12962962962962962
4,39,5,0,109,0.40370370370370373
4,40,1,0,34,0.1259259259259259
4,41,1,0,36,0.13333333333333333
4,42,5,0,55,0.2037037037037037
4,43,2,0,55,0.2037037037037037
4,44,4,1,61,0.22592592592592592
4,45,0,0,15,0.05555555555555555
4,46,2,0,72,0.26666666666666666
5,0,5,0,51,0.18888888888888888
5,1,0,0,29,0.10740740740740741
5,2,0,0,17,0.06296296296296296
5,3,4,0,270,1.0
5,4,0,0,15,0.05555555555555555
5,5,4,0,65,0.24074074074074073
5,6,0,1,17,0.06296296296296296
5,7,1,0,34,0.1259259259259259
5,8,2,1,108,0.4
5,9,0,0,16,0.05925925925925926
5,10,5,0,52,0.1925925925925926
5,11,2,1,69,0.25555555555555554
5,12,2,0,75,0.2777777777777778
5,13,0,1,15,0.05555555555555555
5,14,3,0,19,0.07037037037037037
5,15,0,0,19,0.07037037037037037
5,16,2,1,94,0.34814814814814815
5,17,0,0,16,0.05925925925925926
5,18,0,0,17,0.06296296296296296
5,19,5,1,61,0.22592592592592592
5,20,0,0,22,0.08148148148148149
5,21,1,0,74,0.2740740740740741
5,22,0,0,18,0.06666666666666667
5,23,4,0,60,0.2222222222222222
5,24,3,0,20,0.07407407407407407
5,25,3,0,21,0.07777777777777778
5,26,2,0,71,0.26296296296296295
5,27,4,1,40,0.14814814814814814
5,28,4,1,73,0.27037037037037037
5,29,4,0,31,0.11481481481481481
5,30,4,1,44,0.16296296296296298
5,31,2,0,64,0.23703703703703705
5,32,0,0,23,0.08518518518518518
5,33,4,0,32,0.11851851851851852
5,34,4,0,35,0.12962962962962962
5,35,2,1,201,0.7444444444444445
6,0,5,1,58,0.21481481481481482
6,1,4,0,33,0.12222222222222222
6,2,5,1,57,0.2111111111111111
6,3,3,1,22,0.08148148148148149
6,4,1,1,45,0.16666666666666666
6,5,0,0,16,0.05925925925925926
6,6,3,0,19,0.07037037037037037
6,7,1,0,30,0.1111111111111111
6,8,0,0,19,0.07037037037037037
6,9,2,0,85,0.3148148148148148
6,10,1,0,36,0.13333333333333333
6,11,0,0,20,0.07407407407407407
6,12,4,0,36,0.13333333333333333
6,13,5,0,63,0.23333333333333334
6,14,5,1,99,0.36666666666666664
6,15,2,0,46,0.17037037037037037
6,16,5,0,46,0.17037037037037037
6,17,5,0,65,0.24074074074074073
6,18,2,0,48,0.17777777777777778
6,19,4,0,43,0.15925925925925927
6,20,1,1,34,0.1259259259259259
6,21,2,0,101,0.37407407407407406
6,22,3,0,28,0.1037037037037037
7,0,5,1,52,0.1925925925925926
7,1,4,0,61,0.22592592592592592
7,2,3,0,23,0.08518518518518518
7,3,3,0,30,0.1111111111111111
7,4,2,0,51,0.18888888888888888
7,5,4,0,31,0.11481481481481481
7,6,2,1,87,0.32222222222222224
7,7,0,0,17,0.06296296296296296
7,8,0,0,19,0.07037037037037037
7,9,0,0,34,0.1259259259259259
7,10,4,1,41,0.15185185185185185
7,11,2,1,49,0.1814814814814815
7,12,1,0,36,0.13333333333333333
7,13,3,1,16,0.05925925925925926
7,14,3,0,29,0.10740740740740741
7,15,3,1,20,0.07407407407407407
7,16,5,0,60,0.2222222222222222
7,17,5,0,61,0.22592592592592592
7,18,5,0,47,0.17407407407407408
7,19,2,1,52,0.1925925925925926
7,20,1,0,35,0.12962962962962962
7,21,1,0,47,0.17407407407407408
7,22,3,0,18,0.06666666666666667
8,0,0,1,16,0.05925925925925926
8,1,0,0,26,0.0962962962962963
8,2,0,0,15,0.05555555555555555
8,3,1,1,53,0.1962962962962963
8,4,2,0,128,0.4740740740740741
8,5,4,1,50,0.18518518518518517
8,6,4,0,42,0.15555555555555556
8,7,5,0,47,0.17407407407407408
8,8,5,0,69,0.25555555555555554
8,9,4,0,35,0.12962962962962962
8,10,0,0,22,0.08148148148148149
8,11,1,0,36,0.13333333333333333
8,12,3,0,31,0.11481481481481481
8,13,1,0,30,0.1111111111111111
8,14,4,0,52,0.1925925925925926
8,15,3,0,18,0.06666666666666667
8,16,2,0,50,0.18518518518518517
8,17,4,1,33,0.12222222222222222
8,18,3,1,35,0.12962962962962962
8,19,2,1,64,0.23703703703703705
8,20,2,0,80,0.2962962962962963
8,21,0,0,19,0.07037037037037037
8,22,5,1,270,1.0
8,23,5,0,47,0.17407407407407408
8,24,2,0,47,0.17407407407407408
8,25,0,0,15,0.05555555555555555
8,26,5,1,47,0.17407407407407408
8,27,3,0,25,0.09259259259259259
8,28,0,0,53,0.1962962962962963
8,29,2,0,103,0.3814814814814815
8,30,0,0,24,0.08888888888888889
8,31,1,1,78,0.28888888888888886
8,32,5,0,131,0.48518518518518516
8,33,4,1,40,0.14814814814814814
8,34,2,0,110,0.4074074074074074
8,35,3,1,21,0.07777777777777778
8,36,0,0,28,0.1037037037037037
8,37,3,0,19,0.07037037037037037
8,38,0,0,21,0.07777777777777778
8,39,1,0,32,0.11851851851851852
8,40,4,0,32,0.11851851851851852
8,41,2,0,78,0.28888888888888886
8,42,4,0,38,0.14074074074074075
9,0,3,0,21,0.07777777777777778
9,1,3,0,16,0.05925925925925926
9,2,3,0,20,0.07407407407407407
9,3,3,0,101,0.37407407407407406
9,4,4,0,58,0.21481481481481482
9,5,3,0,16,0.05925925925925926
9,6,5,0,73,0.27037037037037037
9,7,3,0,20,0.07407407407407407
9,8,3,0,26,0.0962962962962963
9,9,5,1,51,0.18888888888888888
9,10,4,0,43,0.15925925925925927
9,11,2,0,56,0.2074074074074074
9,12,4,0,34,0.1259259259259259
9,13,0,1,20,0.07407407407407407
9,14,0,0,17,0.06296296296296296
9,15,0,0,40,0.14814814814814814
9,16,5,0,53,0.1962962962962963
9,17,4,0,36,0.13333333333333333
9,18,1,1,54,0.2
9,19,4,1,82,0.3037037037037037
9,20,3,0,127,0.4703703703703704
9,21,0,1,23,0.08518518518518518
9,22,1,0,35,0.12962962962962962
9,23,5,0,270,1.0
9,24,5,1,71,0.26296296296296295
9,25,0,0,18,0.06666666666666667
9,26,2,0,66,0.24444444444444444
9,27,1,0,49,0.1814814814814815
10,0,5,1,82,0.3037037037037037
10,1,3,0,33,0.12222222222222222
10,2,1,0,31,0.11481481481481481
10,3,5,0,76,0.2814814814814815
10,4,0,0,21,0.07777777777777778
10,5,4,0,77,0.2851851851851852
10,6,1,0,31,0.11481481481481481
10,7,5,0,52,0.1925925925925926
10,8,1,0,36,0.13333333333333333
10,9,2,0,56,0.2074074074074074
10,10,1,0,57,0.2111111111111111
10,11,2,0,52,0.1925925925925926
11,0,0,0,19,0.07037037037037037
11,1,3,1,20,0.07407407407407407
11,2,1,0,33,0.12222222222222222
11,3,0,0,16,0.05925925925925926
11,4,4,0,155,0.5740740740740741
11,5,2,0,54,0.2
11,6,3,0,17,0.06296296296296296
11,7,3,0,22,0.08148148148148149
11,8,3,0,16,0.05925925925925926
11,9,5,0,49,0.1814814814814815
11,10,2,1,248,0.9185185185185185
11,11,5,0,50,0.18518518518518517
11,12,1,0,42,0.15555555555555556
11,13,1,0,133,0.4925925925925926
11,14,2,1,93,0.34444444444444444
11,15,5,0,49,0.1814814814814815
11,16,5,0,46,0.17037037037037037
11,17,2,0,72,0.26666666666666666
11,18,5,0,45,0.16666666666666666
11,19,3,0,42,0.15555555555555556
11,20,4,1,83,0.3074074074074074
11,21,5,0,50,0.18518518518518517
11,22,3,0,16,0.05925925925925926
11,23,4,1,47,0.17407407407407408
11,24,5,1,57,0.2111111111111111
11,25,5,0,57,0.2111111111111111
11,26,2,0,89,0.3296296296296296
11,27,3,0,17,0.06296296296296296
11,28,5,0,50,0.18518518518518517
11,29,2,0,54,0.2
11,30,5,0,53,0.1962962962962963
11,31,0,0,34,0.1259259259259259
11,32,4,1,67,0.24814814814814815
11,33,5,0,110,0.4074074074074074
11,34,0,0,15,0.05555555555555555
11,35,5,0,105,0.3888888888888889
11,36,4,0,38,0.14074074074074075
11,37,3,1,31,0.11481481481481481
12,0,1,0,53,0.1962962962962963
12,1,0,0,15,0.05555555555555555
12,2,4,0,39,0.14444444444444443
12,3,3,1,17,0.06296296296296296
12,4,5,0,56,0.2074074074074074
12,5,4,1,45,0.16666666666666666
12,6,3,0,17,0.06296296296296296
12,7,3,0,19,0.07037037037037037
12,8,0,0,16,0.05925925925925926
12,9,0,0,24,0.08888888888888889
12,10,1,0,90,0.3333333333333333
12,11,0,1,39,0.14444444444444443
12,12,3,0,20,0.07407407407407407
12,13,5,0,77,0.2851851851851852
12,14,3,0,35,0.12962962962962962
12,15,3,0,16,0.05925925925925926
12,16,3,0,18,0.06666666666666667
12,17,2,0,59,0.21851851851851853
12,18,1,0,59,0.21851851851851853
12,19,3,1,23,0.08518518518518518
12,20,1,0,35,0.12962962962962962
12,21,5,0,46,0.17037037037037037
12,22,2,0,56,0.2074074074074074
12,23,5,1,57,0.2111111111111111
12,24,1,0,34,0.1259259259259259
12,25,5,0,47,0.17407407407407408
12,26,4,1,46,0.17037037037037037
12,27,3,1,15,0.05555555555555555
13,0,1,0,30,0.1111111111111111
13,1,0,1,25,0.09259259259259259
13,2,4,0,40,0.14814814814814814
13,3,1,1,47,0.17407407407407408
13,4,5,1,55,0.2037037037037037
13,5,0,0,23,0.08518518518518518
13,6,3,0,22,0.08148148148148149
13,7,5,0,50,0.18518518518518517
13,8,1,1,88,0.32592592592592595
13,9,0,0,15,0.05555555555555555
13,10,1,0,48,0.17777777777777778
13,11,0,0,21,0.07777777777777778
13,12,4,0,36,0.13333333333333333
13,13,2,0,54,0.2
13,14,1,0,42,0.15555555555555556
13,15,5,1,58,0.21481481481481482
13,16,1,1,84,0.3111111111111111
13,17,1,1,33,0.12222222222222222
13,18,0,0,23,0.08518518518518518
13,19,2,0,48,0.17777777777777778
13,20,1,0,30,0.1111111111111111
13,21,0,1,32,0.11851851851851852
13,22,2,0,50,0.18518518518518517
13,23,3,0,17,0.06296296296296296
13,24,1,1,39,0.14444444444444443
13,25,2,0,90,0.3333333333333333
13,26,2,0,59,0.21851851851851853
13,27,4,0,124,0.45925925925925926
13,28,4,0,51,0.18888888888888888
13,29,0,1,19,0.07037037037037037
13,30,3,0,17,0.06296296296296296
13,31,3,1,15,0.05555555555555555
13,32,4,0,65,0.24074074074074073
13,33,0,1,32,0.11851851851851852
13,34,5,0,50,0.18518518518518517
13,35,1,0,31,0.11481481481481481
13,36,1,0,45,0.16666666666666666
13,37,1,0,57,0.2111111111111111
14,0,5,0,114,0.4222222222222222
14,1,5,0,57,0.2111111111111111
14,2,2,0,250,0.9259259259259259
14,3,2,0,77,0.2851851851851852
14,4,3,0,15,0.05555555555555555
14,5,2,0,92,0.34074074074074073
14,6,4,0,36,0.13333333333333333
14,7,5,0,46,0.17037037037037037
14,8,3,1,29,0.10740740740740741
14,9,3,0,24,0.08888888888888889
14,10,5,0,47,0.17407407407407408
14,11,2,0,83,0.3074074074074074
14,12,4,0,35,0.12962962962962962
14,13,4,0,47,0.17407407407407408
14,14,1,0,38,0.14074074074074075
14,15,4,0,31,0.11481481481481481
14,16,2,0,51,0.18888888888888888
14,17,0,0,16,0.05925925925925926
14,18,2,1,56,0.2074074074074074
14,19,5,1,57,0.2111111111111111
14,20,4,0,37,0.13703703703703704
14,21,1,0,39,0.14444444444444443
15,0,2,0,49,0.1814814814814815
15,1,5,0,62,0.22962962962962963
15,2,0,0,17,0.06296296296296296
15,3,0,0,25,0.09259259259259259
15,4,4,0,30,0.1111111111111111
15,5,4,0,55,0.2037037037037037
15,6,5,0,65,0.24074074074074073
15,7,4,0,63,0.23333333333333334
15,8,1,0,39,0.14444444444444443
15,9,3,0,18,0.06666666666666667
15,10,1,0,31,0.11481481481481481
15,11,1,0,34,0.1259259259259259
15,12,5,0,47,0.17407407407407408
15,13,4,1,33,0.12222222222222222
15,14,0,0,17,0.06296296296296296
15,15,5,0,88,0.32592592592592595
15,16,3,0,19,0.07037037037037037
15,17,1,0,216,0.8
15,18,2,0,71,0.26296296296296295
15,19,3,0,25,0.09259259259259259
15,20,0,1,34,0.1259259259259259
15,21,1,0,31,0.11481481481481481
15,22,3,0,19,0.07037037037037037
15,23,2,0,69,0.25555555555555554
15,24,3,0,26,0.0962962962962963
15,25,2,0,185,0.6851851851851852
15,26,1,1,61,0.22592592592592592
15,27,2,1,68,0.2518518518518518
15,28,3,0,19,0.07037037037037037
15,29,5,0,47,0.17407407407407408
16,0,1,0,31,0.11481481481481481
16,1,2,1,58,0.21481481481481482
16,2,1,0,33,0.12222222222222222
16,3,4,0,61,0.22592592592592592
16,4,5,1,68,0.2518518518518518
16,5,3,0,17,0.06296296296296296
16,6,4,0,57,0.2111111111111111
16,7,3,0,15,0.05555555555555555
16,8,5,0,52,0.1925925925925926
16,9,2,0,118,0.43703703703703706
16,10,5,1,78,0.28888888888888886
16,11,3,0,24,0.08888888888888889
16,12,5,0,103,0.3814814814814815
16,13,1,0,61,0.22592592592592592
16,14,1,0,36,0.13333333333333333
16,15,1,0,32,0.11851851851851852
16,16,0,0,17,0.06296296296296296
16,17,5,0,100,0.37037037037037035
16,18,0,1,15,0.05555555555555555
16,19,1,0,30,0.1111111111111111
16,20,5,0,57,0.2111111111111111
16,21,4,1,74,0.2740740740740741
16,22,3,0,16,0.05925925925925926
16,23,4,0,51,0.18888888888888888
16,24,1,0,38,0.14074074074074075
16,25,4,1,76,0.2814814814814815
16,26,3,0,34,0.1259259259259259
16,27,5,0,60,0.2222222222222222
16,28,5,0,49,0.1814814814814815
16,29,1,0,31,0.11481481481481481
16,30,1,1,59,0.21851851851851853
16,31,5,0,50,0.18518518518518517
16,32,5,0,77,0.2851851851851852
16,33,5,0,57,0.2111111111111111
16,34,3,0,21,0.07777777777777778
16,35,2,0,73,0.27037037037037037
16,36,4,0,65,0.24074074074074073
16,37,2,0,105,0.3888888888888889
16,38,0,0,27,0.1
16,39,3,0,20,0.07407407407407407
16,40,1,0,53,0.1962962962962963
16,41,1,0,59,0.21851851851851853
16,42,0,0,18,0.06666666666666667
16,43,2,0,46,0.17037037037037037
16,44,1,1,44,0.16296296296296298
16,45,2,0,53,0.1962962962962963
16,46,4,0,54,0.2
17,0,0,0,24,0.08888888888888889
17,1,0,0,17,0.06296296296296296
17,2,1,0,32,0.11851851851851852
17,3,2,0,69,0.25555555555555554
17,4,4,0,43,0.15925925925925927
17,5,2,0,73,0.27037037037037037
17,6,3,1,45,0.16666666666666666
17,7,2,0,79,0.29259259259259257
17,8,4,0,31,0.11481481481481481
17,9,2,1,49,0.1814814814814815
17,10,5,0,46,0.17037037037037037
17,11,5,0,46,0.17037037037037037
17,12,5,1,65,0.24074074074074073
17,13,5,0,61,0.22592592592592592
17,14,1,0,63,0.23333333333333334
17,15,5,0,47,0.17407407407407408
17,16,0,0,16,0.05925925925925926
17,17,5,0,83,0.3074074074074074
17,18,3,0,17,0.06296296296296296
17,19,4,0,52,0.1925925925925926
17,20,1,0,52,0.1925925925925926
17,21,1,0,31,0.11481481481481481
17,22,4,0,34,0.1259259259259259
17,23,4,1,36,0.13333333333333333
17,24,1,0,71,0.26296296296296295
17,25,2,0,54,0.2
17,26,0,0,16,0.05925925925925926
17,27,2,0,158,0.5851851851851851
17,28,2,0,91,0.337037037037037
17,29,1,0,36,0.13333333333333333
17,30,0,0,18,0.06666666666666667
17,31,3,0,68,0.2518518518518518
17,32,1,0,37,0.13703703703703704
17,33,5,0,69,0.25555555555555554
17,34,1,1,32,0.11851851851851852
17,35,4,0,115,0.42592592592592593
17,36,0,0,63,0.23333333333333334
17,37,1,1,32,0.11851851851851852
17,38,2,0,244,0.9037037037037037
17,39,3,0,15,0.05555555555555555
18,0,0,0,21,0.07777777777777778
18,1,3,0,17,0.06296296296296296
18,2,0,0,23,0.08518518518518518
18,3,1,0,74,0.2740740740740741
18,4,0,0,29,0.10740740740740741
18,5,5,0,46,0.17037037037037037
18,6,3,0,15,0.05555555555555555
18,7,1,0,59,0.21851851851851853
18,8,5,0,48,0.17777777777777778
18,9,3,1,18,0.06666666666666667
18,10,0,1,19,0.07037037037037037
18,11,4,0,40,0.14814814814814814
18,12,2,1,55,0.2037037037037037
18,13,0,1,32,0.11851851851851852
18,14,5,0,75,0.2777777777777778
18,15,4,1,38,0.14074074074074075
18,16,4,1,77,0.2851851851851852
18,17,2,0,58,0.21481481481481482
18,18,0,0,23,0.08518518518518518
18,19,1,0,53,0.1962962962962963
18,20,4,0,90,0.3333333333333333
18,21,1,0,32,0.11851851851851852
18,22,1,0,33,0.12222222222222222
18,23,3,0,30,0.1111111111111111
18,24,2,0,47,0.17407407407407408
18,25,1,0,35,0.12962962962962962
18,26,2,0,50,0.18518518518518517
18,27,4,1,47,0.17407407407407408
18,28,1,0,38,0.14074074074074075
18,29,2,1,50,0.18518518518518517
18,30,4,0,41,0.15185185185185185
18,31,2,0,99,0.36666666666666664
18,32,5,0,58,0.21481481481481482
18,33,0,1,52,0.1925925925925926
18,34,3,0,19,0.07037037037037037
18,35,1,0,59,0.21851851851851853
18,36,1,0,32,0.11851851851851852
18,37,4,0,38,0.14074074074074075
18,38,3,0,36,0.13333333333333333
18,39,0,1,15,0.05555555555555555
18,40,4,0,31,0.11481481481481481
18,41,2,1,90,0.3333333333333333
18,42,4,0,38,0.14074074074074075
18,43,4,0,41,0.15185185185185185
18,44,0,0,16,0.05925925925925926
19,0,3,0,16,0.05925925925925926
19,1,3,0,16,0.05925925925925926
19,2,0,0,34,0.1259259259259259
19,3,3,0,22,0.08148148148148149
19,4,1,0,39,0.14444444444444443
19,5,3,0,35,0.12962962962962962
19,6,5,0,46,0.17037037037037037
19,7,3,0,27,0.1
19,8,4,0,36,0.13333333333333333
19,9,3,0,27,0.1
19,10,0,0,25,0.09259259259259259
19,11,5,1,58,0.21481481481481482
19,12,4,0,40,0.14814814814814814
19,13,1,0,86,0.31851851851851853
19,14,3,0,20,0.07407407407407407
19,15,0,0,16,0.05925925925925926
19,16,5,0,124,0.45925925925925926
19,17,2,0,50,0.18518518518518517
19,18,0,0,41,0.15185185185185185
19,19,2,0,76,0.2814814814814815
19,20,4,1,31,0.11481481481481481
19,21,2,0,46,0.17037037037037037
20,0,4,0,73,0.27037037037037037
20,1,0,0,32,0.11851851851851852
20,2,2,0,90,0.3333333333333333
20,3,0,0,20,0.07407407407407407
20,4,0,1,38,0.14074074074074075
20,5,5,0,103,0.3814814814814815
20,6,5,0,50,0.18518518518518517
20,7,5,0,71,0.26296296296296295
20,8,1,1,37,0.13703703703703704
20,9,5,0,75,0.2777777777777778
20,10,4,0,36,0.13333333333333333
20,11,2,0,46,0.17037037037037037
20,12,1,1,38,0.14074074074074075
20,13,4,0,34,0.1259259259259259
20,14,5,0,161,0.5962962962962963
20,15,4,0,50,0.18518518518518517
20,16,0,0,21,0.07777777777777778
20,17,0,0,23,0.08518518518518518
20,18,3,0,22,0.08148148148148149
20,19,2,0,187,0.6925925925925925
20,20,5,0,47,0.17407407407407408
20,21,3,0,16,0.05925925925925926
20,22,1,0,31,0.11481481481481481
20,23,3,0,16,0.05925925925925926
20,24,3,0,20,0.07407407407407407
20,25,4,0,34,0.1259259259259259
20,26,4,1,40,0.14814814814814814
20,27,5,0,55,0.2037037037037037
20,28,1,0,31,0.11481481481481481
20,29,5,0,71,0.26296296296296295
20,30,2,1,65,0.24074074074074073
20,31,5,1,57,0.2111111111111111
20,32,4,0,107,0.3962962962962963
20,33,5,0,77,0.2851851851851852
20,34,3,0,22,0.08148148148148149
20,35,0,0,16,0.05925925925925926
20,36,0,0,22,0.08148148148148149
20,37,1,0,67,0.24814814814814815
20,38,0,0,23,0.08518518518518518
21,0,4,1,102,0.37777777777777777
21,1,3,0,17,0.06296296296296296
21,2,2,0,49,0.1814814814814815
21,3,2,0,53,0.1962962962962963
21,4,3,0,16,0.05925925925925926
21,5,4,1,31,0.11481481481481481
21,6,2,0,169,0.6259259259259259
21,7,5,0,104,0.3851851851851852
21,8,0,0,15,0.05555555555555555
21,9,3,0,17,0.06296296296296296
21,10,2,1,62,0.22962962962962963
21,11,1,0,33,0.12222222222222222
21,12,1,0,44,0.16296296296296298
21,13,3,1,20,0.07407407407407407
21,14,3,0,15,0.05555555555555555
21,15,3,0,15,0.05555555555555555
21,16,5,0,53,0.1962962962962963
21,17,0,0,22,0.08148148148148149
21,18,2,0,51,0.18888888888888888
21,19,4,0,53,0.1962962962962963
21,20,0,0,18,0.06666666666666667
21,21,4,1,30,0.1111111111111111
21,22,4,0,41,0.15185185185185185
21,23,4,0,31,0.11481481481481481
21,24,4,0,32,0.11851851851851852
21,25,4,1,33,0.12222222222222222
21,26,2,0,109,0.40370370370370373
21,27,3,0,16,0.05925925925925926
21,28,3,0,21,0.07777777777777778
22,0,1,0,48,0.17777777777777778
22,1,2,0,66,0.24444444444444444
22,2,1,1,44,0.16296296296296298
22,3,3,0,31,0.11481481481481481
22,4,2,0,47,0.17407407407407408
22,5,3,0,19,0.07037037037037037
22,6,2,0,51,0.18888888888888888
22,7,4,0,36,0.13333333333333333
22,8,2,0,62,0.22962962962962963
22,9,1,0,35,0.12962962962962962
22,10,4,0,35,0.12962962962962962
22,11,5,0,53,0.1962962962962963
22,12,4,1,61,0.22592592592592592
22,13,5,0,47,0.17407407407407408
22,14,0,0,21,0.07777777777777778
22,15,5,0,70,0.25925925925925924
22,16,0,0,17,0.06296296296296296
22,17,0,1,16,0.05925925925925926
22,18,1,0,57,0.2111111111111111
22,19,2,0,83,0.3074074074074074
22,20,0,0,19,0.07037037037037037
22,21,2,0,104,0.3851851851851852
22,22,3,0,15,0.05555555555555555
22,23,2,0,52,0.1925925925925926
22,24,0,0,17,0.06296296296296296
22,25,4,0,60,0.2222222222222222
22,26,0,0,17,0.06296296296296296
22,27,1,0,37,0.13703703703703704
22,28,2,0,51,0.18888888888888888
22,29,5,0,60,0.2222222222222222
22,30,3,0,26,0.0962962962962963
22,31,2,0,58,0.21481481481481482
22,32,0,0,29,0.10740740740740741
22,33,4,0,105,0.3888888888888889
22,34,3,0,29,0.10740740740740741
22,35,2,0,50,0.18518518518518517
22,36,0,1,17,0.06296296296296296
23,0,1,1,92,0.34074074074074073
23,1,4,0,88,0.32592592592592595
23,2,2,0,59,0.21851851851851853
23,3,1,0,48,0.17777777777777778
23,4,1,0,39,0.14444444444444443
23,5,5,0,48,0.17777777777777778
23,6,1,0,38,0.14074074074074075
23,7,1,1,44,0.16296296296296298
23,8,5,1,50,0.18518518518518517
23,9,1,1,36,0.13333333333333333
23,10,3,1,22,0.08148148148148149
23,11,3,0,23,0.08518518518518518
23,12,3,0,49,0.1814814814814815
23,13,2,1,50,0.18518518518518517
23,14,0,0,17,0.06296296296296296
24,0,1,0,39,0.14444444444444443
24,1,2,1,140,0.5185185185185185
24,2,1,0,36,0.13333333333333333
24,3,1,0,38,0.14074074074074075
24,4,1,0,30,0.1111111111111111
24,5,1,0,66,0.24444444444444444
24,6,4,0,36,0.13333333333333333
24,7,2,1,160,0.5925925925925926
24,8,1,1,73,0.27037037037037037
24,9,4,1,40,0.14814814814814814
24,10,4,0,43,0.15925925925925927
24,11,2,0,48,0.17777777777777778
24,12,2,1,109,0.40370370370370373
24,13,2,0,100,0.37037037037037035
24,14,5,0,49,0.1814814814814815
24,15,1,0,34,0.1259259259259259
24,16,1,0,48,0.17777777777777778
24,17,3,0,36,0.13333333333333333
24,18,5,0,93,0.34444444444444444
24,19,0,0,20,0.07407407407407407
24,20,5,1,55,0.2037037037037037
24,21,3,0,16,0.05925925925925926
24,22,0,0,15,0.05555555555555555
24,23,3,1,19,0.07037037037037037
24,24,3,0,21,0.07777777777777778
24,25,3,0,21,0.07777777777777778
24,26,5,0,69,0.25555555555555554
24,27,5,0,54,0.2
24,28,4,0,32,0.11851851851851852
24,29,0,0,30,0.1111111111111111
24,30,2,0,51,0.18888888888888888
24,31,2,0,61,0.22592592592592592
25,0,4,0,73,0.27037037037037037
25,1,4,0,31,0.11481481481481481
25,2,1,0,30,0.1111111111111111
25,3,3,0,19,0.07037037037037037
25,4,0,0,18,0.06666666666666667
25,5,1,0,39,0.14444444444444443
25,6,0,0,18,0.06666666666666667
25,7,4,1,37,0.13703703703703704
25,8,5,0,68,0.2518518518518518
25,9,0,0,20,0.07407407407407407
25,10,3,0,23,0.08518518518518518
25,11,5,0,62,0.22962962962962963
25,12,5,0,69,0.25555555555555554
25,13,0,0,20,0.07407407407407407
25,14,0,0,18,0.06666666666666667
25,15,5,0,57,0.2111111111111111
25,16,2,0,53,0.1962962962962963
25,17,2,0,45,0.16666666666666666
25,18,2,0,130,0.48148148148148145
25,19,1,0,270,1.0
25,20,5,0,66,0.24444444444444444
25,21,5,0,56,0.2074074074074074
26,0,5,0,270,1.0
26,1,1,0,33,0.12222222222222222
26,2,4,1,65,0.24074074074074073
26,3,0,0,18,0.06666666666666667
26,4,5,0,79,0.29259259259259257
26,5,3,0,32,0.11851851851851852
26,6,1,0,31,0.11481481481481481
26,7,2,0,134,0.4962962962962963
26,8,5,0,60,0.2222222222222222
26,9,4,0,52,0.1925925925925926
26,10,3,0,23,0.08518518518518518
26,11,1,0,80,0.2962962962962963
26,12,1,0,37,0.13703703703703704
26,13,1,0,36,0.13333333333333333
26,14,3,1,21,0.07777777777777778
26,15,5,0,47,0.17407407407407408
26,16,4,0,55,0.2037037037037037
26,17,5,0,61,0.22592592592592592
26,18,1,0,53,0.1962962962962963
26,19,1,0,38,0.14074074074074075
26,20,2,0,71,0.26296296296296295
26,21,5,0,117,0.43333333333333335
26,22,2,0,255,0.9444444444444444
26,23,2,0,47,0.17407407407407408
26,24,2,0,45,0.16666666666666666
26,25,3,0,15,0.05555555555555555
26,26,5,0,64,0.23703703703703705
26,27,5,0,137,0.5074074074074074
26,28,4,0,31,0.11481481481481481
26,29,3,0,26,0.0962962962962963
26,30,4,1,35,0.12962962962962962
26,31,4,1,39,0.14444444444444443
26,32,1,1,45,0.16666666666666666
26,33,2,0,73,0.27037037037037037
26,34,2,0,52,0.1925925925925926
26,35,2,0,57,0.2111111111111111
26,36,5,1,73,0.27037037037037037
26,37,3,0,15,0.05555555555555555
26,38,4,0,33,0.12222222222222222
26,39,2,0,51,0.18888888888888888
26,40,2,0,50,0.18518518518518517
26,41,1,0,65,0.24074074074074073
26,42,3,0,28,0.1037037037037037
26,43,2,1,55,0.2037037037037037
26,44,0,0,25,0.09259259259259259
26,45,3,0,28,0.1037037037037037
26,46,2,0,45,0.16666666666666666
26,47,0,1,46,0.17037037037037037
26,48,0,0,15,0.05555555555555555
27,0,5,0,53,0.1962962962962963
27,1,1,0,36,0.13333333333333333
27,2,5,0,61,0.22592592592592592
27,3,2,0,71,0.26296296296296295
27,4,5,1,259,0.9592592592592593
27,5,4,0,30,0.1111111111111111
27,6,1,0,37,0.13703703703703704
27,7,1,0,39,0.14444444444444443
27,8,2,0,46,0.17037037037037037
27,9,1,0,98,0.362962962962963
27,10,3,0,16,0.05925925925925926
27,11,2,0,96,0.35555555555555557
27,12,1,0,46,0.17037037037037037
27,13,2,0,52,0.1925925925925926
27,14,5,0,68,0.2518518518518518
27,15,4,0,33,0.12222222222222222
27,16,2,0,60,0.2222222222222222
27,17,5,0,54,0.2
27,18,3,0,25,0.09259259259259259
27,19,5,0,89,0.3296296296296296
27,20,3,0,17,0.06296296296296296
27,21,3,0,16,0.05925925925925926
27,22,3,1,33,0.12222222222222222
27,23,4,0,49,0.1814814814814815
27,24,1,0,36,0.13333333333333333
27,25,1,0,36,0.13333333333333333
27,26,3,1,41,0.15185185185185185
27,27,0,1,16,0.05925925925925926
27,28,1,0,31,0.11481481481481481
27,29,3,0,16,0.05925925925925926
27,30,1,0,41,0.15185185185185185
27,31,2,0,85,0.3148148148148148
27,32,3,0,19,0.07037037037037037
27,33,2,0,57,0.2111111111111111
27,34,1,0,124,0.45925925925925926
27,35,2,0,66,0.24444444444444444
28,0,2,0,49,0.1814814814814815
28,1,4,0,38,0.14074074074074075
28,2,4,0,44,0.16296296296296298
28,3,3,0,17,0.06296296296296296
28,4,3,1,21,0.07777777777777778
28,5,5,1,45,0.16666666666666666
28,6,2,0,49,0.1814814814814815
28,7,2,1,48,0.17777777777777778
28,8,4,0,39,0.14444444444444443
28,9,4,0,63,0.23333333333333334
28,10,0,0,16,0.05925925925925926
28,11,4,0,74,0.2740740740740741
28,12,3,0,25,0.09259259259259259
28,13,3,0,16,0.05925925925925926
29,0,2,1,188,0.6962962962962963
29,1,3,1,34,0.1259259259259259
29,2,3,0,18,0.06666666666666667
29,3,5,0,50,0.18518518518518517
29,4,0,0,17,0.06296296296296296
29,5,2,0,67,0.24814814814814815
29,6,5,0,54,0.2
29,7,0,1,15,0.05555555555555555
29,8,2,0,70,0.25925925925925924
29,9,2,0,51,0.18888888888888888
29,10,0,0,20,0.07407407407407407
29,11,2,1,74,0.2740740740740741
29,12,5,0,52,0.1925925925925926
29,13,3,1,28,0.1037037037037037
29,14,1,0,35,0.12962962962962962
29,15,4,1,32,0.11851851851851852
29,16,3,0,19,0.07037037037037037
29,17,1,1,35,0.12962962962962962
29,18,0,0,18,0.06666666666666667
29,19,4,0,32,0.11851851851851852
29,20,1,0,38,0.14074074074074075
29,21,4,0,52,0.1925925925925926
29,22,4,0,40,0.14814814814814814
29,23,3,0,16,0.05925925925925926
29,24,2,0,48,0.17777777777777778
29,25,0,0,18,0.06666666666666667
29,26,2,0,46,0.17037037037037037
29,27,0,0,15,0.05555555555555555
29,28,4,0,35,0.12962962962962962
30,0,0,0,23,0.08518518518518518
30,1,4,1,81,0.3
30,2,4,0,33,0.12222222222222222
30,3,4,0,93,0.34444444444444444
30,4,0,0,20,0.07407407407407407
30,5,5,0,62,0.22962962962962963
30,6,1,0,60,0.2222222222222222
30,7,2,0,49,0.1814814814814815
30,8,2,0,52,0.1925925925925926
30,9,4,0,85,0.3148148148148148
30,10,0,0,26,0.0962962962962963
30,11,0,0,46,0.17037037037037037
30,12,3,0,22,0.08148148148148149
30,13,0,0,21,0.07777777777777778
30,14,3,1,21,0.07777777777777778
30,15,1,0,37,0.13703703703703704
30,16,0,1,160,0.5925925925925926
30,17,3,0,18,0.06666666666666667
30,18,4,0,31,0.11481481481481481
30,19,2,0,73,0.27037037037037037
30,20,5,0,128,0.4740740740740741
30,21,3,0,17,0.06296296296296296
31,0,1,1,104,0.3851851851851852
31,1,3,0,21,0.07777777777777778
31,2,4,1,40,0.14814814814814814
31,3,3,0,18,0.06666666666666667
31,4,3,0,32,0.11851851851851852
31,5,4,0,31,0.11481481481481481
31,6,4,1,44,0.16296296296296298
31,7,1,0,37,0.13703703703703704
31,8,0,0,20,0.07407407407407407
31,9,0,0,25,0.09259259259259259
31,10,1,0,33,0.12222222222222222
31,11,2,0,82,0.3037037037037037
31,12,1,0,30,0.1111111111111111
31,13,2,0,47,0.17407407407407408
31,14,0,0,34,0.1259259259259259
31,15,0,0,20,0.07407407407407407
31,16,0,0,18,0.06666666666666667
31,17,4,0,40,0.14814814814814814
31,18,5,0,55,0.2037037037037037
31,19,3,0,23,0.08518518518518518
31,20,3,0,17,0.06296296296296296
31,21,3,0,18,0.06666666666666667
31,22,1,0,98,0.362962962962963
31,23,1,0,39,0.14444444444444443
31,24,3,1,18,0.06666666666666667
31,25,3,0,16,0.05925925925925926
31,26,0,0,17,0.06296296296296296
31,27,5,0,48,0.17777777777777778
31,28,0,0,35,0.12962962962962962
31,29,5,0,45,0.16666666666666666
31,30,5,0,51,0.18888888888888888
31,31,4,0,38,0.14074074074074075
32,0,3,0,26,0.0962962962962963
32,1,3,0,15,0.05555555555555555
32,2,1,0,81,0.3
32,3,3,1,24,0.08888888888888889
32,4,4,0,53,0.1962962962962963
32,5,3,0,16,0.05925925925925926
32,6,3,1,37,0.13703703703703704
32,7,4,1,33,0.12222222222222222
32,8,4,1,54,0.2
32,9,1,0,37,0.13703703703703704
32,10,3,0,40,0.14814814814814814
32,11,5,0,47,0.17407407407407408
32,12,1,1,49,0.1814814814814815
32,13,3,0,18,0.06666666666666667
32,14,3,0,17,0.06296296296296296
32,15,4,0,50,0.18518518518518517
32,16,0,0,23,0.08518518518518518
32,17,5,0,73,0.27037037037037037
32,18,1,0,30,0.1111111111111111
32,19,3,0,26,0.0962962962962963
32,20,0,0,22,0.08148148148148149
32,21,5,1,81,0.3
32,22,3,0,40,0.14814814814814814
32,23,5,0,85,0.3148148148148148
32,24,4,0,44,0.16296296296296298
32,25,5,0,48,0.17777777777777778
32,26,1,0,30,0.1111111111111111
32,27,2,1,58,0.21481481481481482
32,28,3,0,23,0.08518518518518518
32,29,1,0,39,0.14444444444444443
32,30,4,0,40,0.14814814814814814
32,31,0,0,34,0.1259259259259259
32,32,5,0,58,0.21481481481481482
32,33,2,0,61,0.22592592592592592
32,34,4,0,35,0.12962962962962962
32,35,3,0,18,0.06666666666666667
32,36,3,0,18,0.06666666666666667
32,37,5,0,97,0.3592592592592593
32,38,4,0,39,0.14444444444444443
32,39,4,0,38,0.14074074074074075
32,40,0,0,17,0.06296296296296296
32,41,1,0,35,0.12962962962962962
32,42,1,0,108,0.4
32,43,1,0,45,0.16666666666666666
32,44,1,0,117,0.43333333333333335
32,45,2,1,63,0.23333333333333334
32,46,1,0,40,0.14814814814814814
32,47,5,0,81,0.3
32,48,3,1,25,0.09259259259259259
33,0,2,0,61,0.22592592592592592
33,1,3,1,16,0.05925925925925926
33,2,0,0,26,0.0962962962962963
33,3,2,0,65,0.24074074074074073
33,4,1,1,33,0.12222222222222222
33,5,0,0,15,0.05555555555555555
33,6,0,0,21,0.07777777777777778
33,7,4,0,30,0.1111111111111111
33,8,0,1,34,0.1259259259259259
33,9,0,1,20,0.07407407407407407
33,10,3,0,16,0.05925925925925926
33,11,2,0,135,0.5
33,12,0,0,22,0.08148148148148149
33,13,3,1,16,0.05925925925925926
33,14,1,0,37,0.13703703703703704
33,15,1,0,30,0.1111111111111111
33,16,5,0,74,0.2740740740740741
33,17,3,0,35,0.12962962962962962
33,18,4,0,47,0.17407407407407408
33,19,1,0,34,0.1259259259259259
33,20,3,0,18,0.06666666666666667
33,21,3,0,20,0.07407407407407407
33,22,2,0,56,0.2074074074074074
33,23,3,0,19,0.07037037037037037
33,24,3,0,21,0.07777777777777778
33,25,5,0,62,0.22962962962962963
33,26,4,0,39,0.14444444444444443
33,27,2,0,72,0.26666666666666666
33,28,1,0,37,0.13703703703703704
33,29,5,0,55,0.2037037037037037
33,30,3,1,17,0.06296296296296296
33,31,3,0,22,0.08148148148148149
33,32,5,0,115,0.42592592592592593
33,33,4,0,47,0.17407407407407408
33,34,4,0,59,0.21851851851851853
33,35,4,0,31,0.11481481481481481
33,36,5,1,64,0.23703703703703705
33,37,2,0,53,0.1962962962962963
33,38,5,0,56,0.2074074074074074
33,39,5,1,86,0.31851851851851853
33,40,0,0,15,0.05555555555555555
33,41,5,0,92,0.34074074074074073
33,42,4,0,66,0.24444444444444444
33,43,2,0,48,0.17777777777777778
33,44,5,0,243,0.9
33,45,3,0,18,0.06666666666666667
33,46,0,0,15,0.05555555555555555
34,0,0,0,83,0.3074074074074074
34,1,1,0,32,0.11851851851851852
34,2,0,0,20,0.07407407407407407
34,3,5,0,69,0.25555555555555554
34,4,2,0,93,0.34444444444444444
34,5,0,1,17,0.06296296296296296
34,6,1,0,57,0.2111111111111111
34,7,3,0,39,0.14444444444444443
34,8,0,1,80,0.2962962962962963
34,9,2,0,46,0.17037037037037037
34,10,5,1,47,0.17407407407407408
34,11,1,0,35,0.12962962962962962
34,12,0,0,16,0.05925925925925926
34,13,1,0,32,0.11851851851851852
34,14,0,0,32,0.11851851851851852
34,15,0,0,18,0.06666666666666667
34,16,1,0,51,0.18888888888888888
34,17,0,1,25,0.09259259259259259
34,18,4,0,31,0.11481481481481481
34,19,2,1,87,0.32222222222222224
34,20,1,1,45,0.16666666666666666
34,21,1,0,38,0.14074074074074075
34,22,1,0,44,0.16296296296296298
34,23,0,0,15,0.05555555555555555
34,24,0,0,20,0.07407407407407407
34,25,0,1,16,0.05925925925925926
34,26,5,0,79,0.29259259259259257
34,27,4,0,34,0.1259259259259259
34,28,5,0,231,0.8555555555555555
34,29,5,0,49,0.1814814814814815
34,30,2,0,57,0.2111111111111111
34,31,5,0,270,1.0
34,32,0,0,20,0.07407407407407407
34,33,5,0,53,0.1962962962962963
34,34,3,0,16,0.05925925925925926
34,35,1,1,40,0.14814814814814814
34,36,4,0,39,0.14444444444444443
34,37,0,1,16,0.05925925925925926
34,38,1,0,270,1.0
35,0,5,0,62,0.22962962962962963
35,1,2,1,49,0.1814814814814815
35,2,4,0,36,0.13333333333333333
35,3,1,0,45,0.16666666666666666
35,4,4,0,37,0.13703703703703704
35,5,2,0,69,0.25555555555555554
35,6,5,0,51,0.18888888888888888
35,7,0,0,94,0.34814814814814815
35,8,3,0,19,0.07037037037037037
35,9,1,0,32,0.11851851851851852
35,10,5,0,70,0.25925925925925924
35,11,5,0,64,0.23703703703703705
35,12,5,1,122,0.45185185185185184
35,13,0,1,19,0.07037037037037037
35,14,3,0,17,0.06296296296296296
35,15,3,0,17,0.06296296296296296
35,16,1,0,44,0.16296296296296298
35,17,2,0,46,0.17037037037037037
35,18,3,0,17,0.06296296296296296
35,19,4,0,106,0.3925925925925926
35,20,4,0,35,0.12962962962962962
35,21,0,0,15,0.05555555555555555
35,22,4,0,44,0.16296296296296298
35,23,5,0,107,0.3962962962962963
35,24,1,0,33,0.12222222222222222
35,25,0,0,17,0.06296296296296296
35,26,0,0,16,0.05925925925925926
35,27,0,0,18,0.06666666666666667
35,28,2,0,46,0.17037037037037037
35,29,4,0,38,0.14074074074074075
35,30,1,0,62,0.22962962962962963
35,31,0,0,25,0.09259259259259259
36,0,3,1,17,0.06296296296296296
36,1,4,0,71,0.26296296296296295
36,2,3,0,29,0.10740740740740741
36,3,5,0,45,0.16666666666666666
36,4,2,0,50,0.18518518518518517
36,5,5,0,89,0.3296296296296296
36,6,1,0,37,0.13703703703703704
36,7,4,1,56,0.2074074074074074
36,8,2,1,125,0.46296296296296297
36,9,0,0,22,0.08148148148148149
36,10,1,0,37,0.13703703703703704
36,11,1,0,47,0.17407407407407408
36,12,1,0,55,0.2037037037037037
36,13,4,0,43,0.15925925925925927
36,14,2,1,108,0.4
36,15,3,0,16,0.05925925925925926
37,0,0,1,17,0.06296296296296296
37,1,4,0,47,0.17407407407407408
37,2,5,0,52,0.1925925925925926
37,3,0,0,29,0.10740740740740741
37,4,3,0,25,0.09259259259259259
37,5,5,1,78,0.28888888888888886
37,6,0,0,21,0.07777777777777778
37,7,1,0,49,0.1814814814814815
37,8,4,1,54,0.2
37,9,0,0,25,0.09259259259259259
37,10,0,0,23,0.08518518518518518
37,11,0,0,35,0.12962962962962962
37,12,2,0,54,0.2
37,13,0,0,74,0.2740740740740741
37,14,3,0,19,0.07037037037037037
37,15,0,1,17,0.06296296296296296
37,16,5,0,95,0.35185185185185186
37,17,4,0,61,0.22592592592592592
37,18,4,0,56,0.2074074074074074
37,19,0,0,26,0.0962962962962963
37,20,0,1,16,0.05925925925925926
37,21,5,0,52,0.1925925925925926
37,22,4,0,46,0.17037037037037037
37,23,4,1,31,0.11481481481481481
37,24,1,1,33,0.12222222222222222
38,0,1,0,38,0.14074074074074075
38,1,1,0,38,0.14074074074074075
38,2,0,0,99,0.36666666666666664
38,3,4,0,30,0.1111111111111111
38,4,0,1,24,0.08888888888888889
38,5,2,0,55,0.2037037037037037
38,6,2,0,107,0.3962962962962963
38,7,5,0,46,0.17037037037037037
38,8,4,1,41,0.15185185185185185
38,9,4,0,70,0.25925925925925924
38,10,5,0,64,0.23703703703703705
38,11,2,0,67,0.24814814814814815
38,12,0,0,15,0.05555555555555555
38,13,4,0,49,0.1814814814814815
38,14,0,0,18,0.06666666666666667
38,15,1,0,67,0.24814814814814815
38,16,1,0,46,0.17037037037037037
38,17,0,0,20,0.07407407407407407
38,18,1,0,32,0.11851851851851852
38,19,3,0,38,0.14074074074074075
38,20,0,0,16,0.05925925925925926
38,21,2,0,97,0.3592592592592593
38,22,5,0,49,0.1814814814814815
38,23,2,0,53,0.1962962962962963
38,24,2,0,52,0.1925925925925926
38,25,3,0,16,0.05925925925925926
38,26,3,0,16,0.05925925925925926
38,27,3,0,19,0.07037037037037037
38,28,3,0,17,0.06296296296296296
38,29,4,0,35,0.12962962962962962
38,30,5,0,50,0.18518518518518517
39,0,5,1,66,0.24444444444444444
39,1,3,0,16,0.05925925925925926
39,2,1,1,31,0.11481481481481481
39,3,2,0,66,0.24444444444444444
39,4,1,0,63,0.23333333333333334
39,5,5,1,83,0.3074074074074074
39,6,0,0,18,0.06666666666666667
39,7,0,0,22,0.08148148148148149
39,8,0,1,20,0.07407407407407407
39,9,3,0,22,0.08148148148148149
39,10,1,0,38,0.14074074074074075
39,11,5,1,58,0.21481481481481482
39,12,5,0,46,0.17037037037037037
39,13,2,1,47,0.17407407407407408
39,14,3,0,21,0.07777777777777778
39,15,0,0,23,0.08518518518518518
39,16,0,0,16,0.05925925925925926
39,17,3,1,28,0.1037037037037037
39,18,3,0,18,0.06666666666666667
39,19,1,0,31,0.11481481481481481
39,20,2,0,67,0.24814814814814815
39,21,1,0,37,0.13703703703703704
39,22,3,0,16,0.05925925925925926
39,23,3,1,15,0.05555555555555555
39,24,5,0,53,0.1962962962962963
39,25,4,0,38,0.14074074074074075
39,26,0,0,19,0.07037037037037037
39,27,3,0,40,0.14814814814814814
39,28,3,1,18,0.06666666666666667
39,29,0,1,59,0.21851851851851853
39,30,5,1,90,0.3333333333333333
39,31,2,0,48,0.17777777777777778
39,32,2,0,87,0.32222222222222224
39,33,1,0,52,0.1925925925925926
39,34,3,0,18,0.06666666666666667
40,0,0,0,23,0.08518518518518518
40,1,0,1,17,0.06296296296296296
40,2,1,0,47,0.17407407407407408
40,3,4,0,36,0.13333333333333333
40,4,5,0,52,0.1925925925925926
40,5,5,0,56,0.2074074074074074
40,6,0,0,44,0.16296296296296298
40,7,5,0,76,0.2814814814814815
40,8,1,0,40,0.14814814814814814
40,9,1,0,81,0.3
40,10,3,0,17,0.06296296296296296
40,11,0,0,16,0.05925925925925926
40,12,0,0,21,0.07777777777777778
40,13,1,0,54,0.2
40,14,1,0,44,0.16296296296296298
40,15,1,1,47,0.17407407407407408
40,16,1,0,113,0.4185185185185185
40,17,4,0,32,0.11851851851851852
40,18,3,1,17,0.06296296296296296
40,19,0,1,17,0.06296296296296296
40,20,1,0,58,0.21481481481481482
41,0,5,0,83,0.3074074074074074
41,1,1,0,35,0.12962962962962962
41,2,4,0,52,0.1925925925925926
41,3,2,0,66,0.24444444444444444
41,4,3,0,62,0.22962962962962963
41,5,5,0,61,0.22592592592592592
41,6,0,0,19,0.07037037037037037
41,7,2,0,81,0.3
41,8,5,0,66,0.24444444444444444
41,9,5,0,48,0.17777777777777778
41,10,4,0,129,0.4777777777777778
41,11,0,0,17,0.06296296296296296
41,12,2,0,49,0.1814814814814815
41,13,3,0,28,0.1037037037037037
41,14,1,0,38,0.14074074074074075
41,15,2,1,69,0.25555555555555554
41,16,5,0,61,0.22592592592592592
41,17,2,0,49,0.1814814814814815
41,18,4,0,58,0.21481481481481482
41,19,0,0,20,0.07407407407407407
41,20,0,0,16,0.05925925925925926
41,21,4,0,40,0.14814814814814814
41,22,3,0,18,0.06666666666666667
41,23,1,0,100,0.37037037037037035
41,24,0,0,27,0.1
41,25,1,0,48,0.17777777777777778
41,26,5,0,59,0.21851851851851853
41,27,5,0,92,0.34074074074074073
41,28,4,0,33,0.12222222222222222
41,29,4,0,41,0.15185185185185185
41,30,2,0,128,0.4740740740740741
41,31,3,1,16,0.05925925925925926
41,32,3,0,24,0.08888888888888889
41,33,2,0,53,0.1962962962962963
41,34,1,0,31,0.11481481481481481
41,35,1,0,30,0.1111111111111111
41,36,5,0,51,0.18888888888888888
41,37,1,1,39,0.14444444444444443
41,38,0,0,42,0.15555555555555556
41,39,1,0,32,0.11851851851851852
41,40,3,0,15,0.05555555555555555
41,41,1,0,68,0.2518518518518518
41,42,3,0,16,0.05925925925925926
42,0,4,0,37,0.13703703703703704
42,1,1,0,31,0.11481481481481481
42,2,5,0,76,0.2814814814814815
42,3,5,0,50,0.18518518518518517
42,4,3,0,17,0.06296296296296296
42,5,4,0,34,0.1259259259259259
42,6,5,0,91,0.337037037037037
42,7,2,0,166,0.6148148148148148
42,8,0,1,16,0.05925925925925926
42,9,4,0,74,0.2740740740740741
42,10,2,1,51,0.18888888888888888
42,11,4,0,47,0.17407407407407408
42,12,5,0,72,0.26666666666666666
42,13,3,0,51,0.18888888888888888
42,14,3,0,16,0.05925925925925926
42,15,4,0,77,0.2851851851851852
42,16,2,0,49,0.1814814814814815
42,17,5,0,63,0.23333333333333334
42,18,5,0,51,0.18888888888888888
42,19,5,0,50,0.18518518518518517
42,20,0,0,20,0.07407407407407407
42,21,2,1,51,0.18888888888888888
42,22,1,0,31,0.11481481481481481
42,23,3,0,19,0.07037037037037037
42,24,5,0,48,0.17777777777777778
42,25,1,1,30,0.1111111111111111
42,26,2,0,155,0.5740740740740741
42,27,3,0,27,0.1
42,28,4,0,55,0.2037037037037037
42,29,5,0,53,0.1962962962962963
42,30,5,0,49,0.1814814814814815
42,31,1,0,33,0.12222222222222222
42,32,2,0,49,0.1814814814814815
42,33,0,0,17,0.06296296296296296
42,34,3,1,32,0.11851851851851852
42,35,4,0,33,0.12222222222222222
42,36,3,0,21,0.07777777777777778
42,37,2,0,59,0.21851851851851853
42,38,1,0,43,0.15925925925925927
42,39,1,0,66,0.24444444444444444
42,40,2,0,96,0.35555555555555557
42,41,1,0,46,0.17037037037037037
42,42,1,0,34,0.1259259259259259
42,43,5,0,47,0.17407407407407408
42,44,1,1,35,0.12962962962962962
43,0,1,0,36,0.13333333333333333
43,1,4,0,47,0.17407407407407408
43,2,4,0,30,0.1111111111111111
43,3,4,0,39,0.14444444444444443
43,4,2,0,140,0.5185185185185185
43,5,2,0,51,0.18888888888888888
43,6,4,0,32,0.11851851851851852
43,7,1,1,34,0.1259259259259259
43,8,0,0,17,0.06296296296296296
43,9,5,1,46,0.17037037037037037
43,10,2,0,48,0.17777777777777778
43,11,4,0,33,0.12222222222222222
43,12,2,0,53,0.1962962962962963
43,13,4,1,96,0.35555555555555557
43,14,4,0,40,0.14814814814814814
43,15,1,0,31,0.11481481481481481
43,16,2,0,53,0.1962962962962963
43,17,2,0,88,0.32592592592592595
43,18,4,1,51,0.18888888888888888
43,19,4,0,41,0.15185185185185185
43,20,2,0,59,0.21851851851851853
43,21,2,0,72,0.26666666666666666
43,22,0,0,15,0.05555555555555555
43,23,2,0,56,0.2074074074074074
43,24,2,0,45,0.16666666666666666
43,25,0,0,55,0.2037037037037037
43,26,2,1,60,0.2222222222222222
43,27,1,1,160,0.5925925925925926
43,28,1,0,31,0.11481481481481481
43,29,1,0,52,0.1925925925925926
43,30,1,1,34,0.1259259259259259
43,31,3,0,19,0.07037037037037037
43,32,2,0,62,0.22962962962962963
43,33,1,0,66,0.24444444444444444
43,34,0,0,46,0.17037037037037037
43,35,5,0,133,0.4925925925925926
43,36,2,0,96,0.35555555555555557
43,37,1,1,64,0.23703703703703705
43,38,4,0,40,0.14814814814814814
43,39,3,0,16,0.05925925925925926
44,0,4,0,40,0.14814814814814814
44,1,3,1,17,0.06296296296296296
44,2,2,0,72,0.26666666666666666
44,3,0,0,25,0.09259259259259259
44,4,3,0,43,0.15925925925925927
44,5,0,0,22,0.08148148148148149
44,6,1,0,60,0.2222222222222222
44,7,2,0,105,0.3888888888888889
44,8,5,0,54,0.2
44,9,3,0,20,0.07407407407407407
44,10,3,1,18,0.06666666666666667
44,11,5,0,51,0.18888888888888888
44,12,3,0,17,0.06296296296296296
44,13,5,0,65,0.24074074074074073
44,14,0,0,17,0.06296296296296296
44,15,0,1,25,0.09259259259259259
44,16,1,0,126,0.4666666666666667
44,17,4,0,51,0.18888888888888888
44,18,2,1,116,0.42962962962962964
44,19,4,0,62,0.22962962962962963
44,20,4,0,36,0.13333333333333333
45,0,1,1,31,0.11481481481481481
45,1,1,1,49,0.1814814814814815
45,2,3,0,19,0.07037037037037037
45,3,3,0,51,0.18888888888888888
45,4,0,0,25,0.09259259259259259
45,5,2,0,60,0.2222222222222222
45,6,0,0,18,0.06666666666666667
45,7,1,1,49,0.1814814814814815
45,8,0,0,20,0.07407407407407407
45,9,0,0,17,0.06296296296296296
45,10,5,1,79,0.29259259259259257
45,11,4,1,32,0.11851851851851852
45,12,2,0,88,0.32592592592592595
45,13,2,0,270,1.0
45,14,5,1,47,0.17407407407407408
45,15,4,1,32,0.11851851851851852
45,16,1,0,30,0.1111111111111111
45,17,2,0,47,0.17407407407407408
45,18,1,1,31,0.11481481481481481
45,19,3,0,15,0.05555555555555555
45,20,1,0,70,0.25925925925925924
45,21,2,0,56,0.2074074074074074
45,22,4,0,53,0.1962962962962963
45,23,2,0,62,0.22962962962962963
45,24,5,0,46,0.17037037037037037
45,25,2,0,57,0.2111111111111111
45,26,0,0,17,0.06296296296296296
45,27,4,0,42,0.15555555555555556
45,28,5,0,70,0.25925925925925924
45,29,5,0,49,0.1814814814814815
45,30,1,0,32,0.11851851851851852
45,31,3,0,17,0.06296296296296296
45,32,1,0,46,0.17037037037037037
45,33,0,0,22,0.08148148148148149
45,34,5,0,249,0.9222222222222223
45,35,3,0,15,0.05555555555555555
45,36,4,0,31,0.11481481481481481
45,37,1,0,43,0.15925925925925927
45,38,4,0,37,0.13703703703703704
45,39,3,0,22,0.08148148148148149
45,40,1,0,34,0.1259259259259259
45,41,0,0,18,0.06666666666666667
46,0,5,0,53,0.1962962962962963
46,1,2,1,54,0.2
46,2,0,0,19,0.07037037037037037
46,3,2,1,57,0.2111111111111111
46,4,1,0,57,0.2111111111111111
46,5,3,1,19,0.07037037037037037
46,6,5,0,52,0.1925925925925926
46,7,5,0,56,0.2074074074074074
46,8,2,0,52,0.1925925925925926
46,9,0,0,32,0.11851851851851852
46,10,2,0,61,0.22592592592592592
46,11,3,0,21,0.07777777777777778
46,12,4,0,54,0.2
46,13,3,1,15,0.05555555555555555
46,14,3,0,17,0.06296296296296296
46,15,4,0,40,0.14814814814814814
46,16,1,0,52,0.1925925925925926
47,0,4,0,63,0.23333333333333334
47,1,5,0,58,0.21481481481481482
47,2,4,0,75,0.2777777777777778
47,3,3,1,15,0.05555555555555555
47,4,4,1,52,0.1925925925925926
47,5,1,1,31,0.11481481481481481
47,6,4,0,43,0.15925925925925927
47,7,2,0,59,0.21851851851851853
47,8,3,0,17,0.06296296296296296
47,9,4,1,33,0.12222222222222222
47,10,2,0,88,0.32592592592592595
47,11,2,0,48,0.17777777777777778
47,12,4,0,42,0.15555555555555556
47,13,2,1,64,0.23703703703703705
47,14,4,0,38,0.14074074074074075
47,15,1,0,36,0.13333333333333333
48,0,2,0,50,0.18518518518518517
48,1,2,0,72,0.26666666666666666
48,2,5,0,52,0.1925925925925926
48,3,2,0,45,0.16666666666666666
48,4,4,0,37,0.13703703703703704
48,5,4,0,33,0.12222222222222222
48,6,4,0,43,0.15925925925925927
48,7,5,0,45,0.16666666666666666
48,8,1,0,148,0.5481481481481482
48,9,3,0,16,0.05925925925925926
48,10,3,1,41,0.15185185185185185
48,11,5,0,48,0.17777777777777778
48,12,2,0,145,0.5370370370370371
48,13,2,0,133,0.4925925925925926
48,14,4,0,39,0.14444444444444443
48,15,2,0,47,0.17407407407407408
48,16,4,0,71,0.26296296296296295
48,17,4,0,33,0.12222222222222222
48,18,0,1,21,0.07777777777777778
48,19,4,1,34,0.1259259259259259
48,20,5,0,112,0.4148148148148148
48,21,3,0,28,0.1037037037037037
48,22,5,0,93,0.34444444444444444
48,23,0,0,35,0.12962962962962962
48,24,3,0,17,0.06296296296296296
48,25,3,0,15,0.05555555555555555
48,26,3,0,19,0.07037037037037037
48,27,5,0,55,0.2037037037037037
48,28,3,0,22,0.08148148148148149
48,29,1,0,48,0.17777777777777778
48,30,1,1,32,0.11851851851851852
48,31,3,0,17,0.06296296296296296
49,0,4,0,43,0.15925925925925927
49,1,4,1,38,0.14074074074074075
49,2,1,0,37,0.13703703703703704
49,3,5,0,51,0.18888888888888888
49,4,1,0,36,0.13333333333333333
49,5,5,0,128,0.4740740740740741
49,6,5,0,54,0.2
49,7,2,0,53,0.1962962962962963
49,8,2,0,50,0.18518518518518517
49,9,5,0,50,0.18518518518518517
49,10,3,0,18,0.06666666666666667
49,11,3,0,17,0.06296296296296296
49,12,0,0,17,0.06296296296296296
49,13,0,0,18,0.06666666666666667
49,14,2,0,67,0.24814814814814815
49,15,1,1,30,0.1111111111111111
49,16,1,0,33,0.12222222222222222
49,17,5,0,101,0.37407407407407406
49,18,1,0,35,0.12962962962962962
49,19,2,0,156,0.5777777777777777
49,20,1,0,41,0.15185185185185185
49,21,5,0,48,0.17777777777777778
49,22,5,0,118,0.43703703703703706
49,23,4,0,43,0.15925925925925927
49,24,5,0,61,0.22592592592592592
49,25,5,1,78,0.28888888888888886
49,26,3,1,29,0.10740740740740741
49,27,1,0,62,0.22962962962962963
49,28,4,0,48,0.17777777777777778
49,29,1,0,82,0.3037037037037037
49,30,1,0,34,0.1259259259259259
49,31,4,0,31,0.11481481481481481
49,32,4,0,37,0.13703703703703704
49,33,4,0,34,0.1259259259259259
49,34,5,0,57,0.2111111111111111
49,35,3,0,16,0.05925925925925926
49,36,2,1,55,0.2037037037037037
49,37,3,1,17,0.06296296296296296
49,38,1,0,36,0.13333333333333333
50,0,3,0,20,0.07407407407407407
50,1,2,0,54,0.2
50,2,5,0,168,0.6222222222222222
50,3,0,0,22,0.08148148148148149
50,4,5,1,56,0.2074074074074074
50,5,0,1,18,0.06666666666666667
50,6,0,0,19,0.07037037037037037
50,7,2,0,63,0.23333333333333334
50,8,4,0,35,0.12962962962962962
50,9,5,1,98,0.362962962962963
50,10,3,0,16,0.05925925925925926
50,11,5,0,57,0.2111111111111111
50,12,1,0,31,0.11481481481481481
50,13,4,0,44,0.16296296296296298
50,14,3,0,18,0.06666666666666667
50,15,1,0,37,0.13703703703703704
51,0,4,1,232,0.8592592592592593
51,1,3,0,16,0.05925925925925926
51,2,5,0,58,0.21481481481481482
51,3,4,0,34,0.1259259259259259
51,4,4,1,49,0.1814814814814815
51,5,5,0,94,0.34814814814814815
51,6,1,0,30,0.1111111111111111
51,7,4,0,33,0.12222222222222222
51,8,4,0,35,0.12962962962962962
51,9,3,0,41,0.15185185185185185
51,10,1,0,36,0.13333333333333333
51,11,0,0,25,0.09259259259259259
51,12,0,0,15,0.05555555555555555
51,13,1,0,33,0.12222222222222222
51,14,2,1,45,0.16666666666666666
51,15,4,0,34,0.1259259259259259
51,16,0,0,17,0.06296296296296296
51,17,2,0,48,0.17777777777777778
51,18,5,0,46,0.17037037037037037
51,19,2,0,57,0.2111111111111111
51,20,1,0,36,0.13333333333333333
51,21,3,0,19,0.07037037037037037
51,22,0,1,31,0.11481481481481481
51,23,5,0,78,0.28888888888888886
51,24,3,0,17,0.06296296296296296
51,25,5,0,82,0.3037037037037037
51,26,2,0,60,0.2222222222222222
51,27,2,0,63,0.23333333333333334
51,28,1,0,49,0.1814814814814815
52,0,5,0,45,0.16666666666666666
52,1,0,0,17,0.06296296296296296
52,2,4,0,30,0.1111111111111111
52,3,4,0,165,0.6111111111111112
52,4,2,0,45,0.16666666666666666
52,5,5,1,46,0.17037037037037037
52,6,3,0,23,0.08518518518518518
52,7,4,1,37,0.13703703703703704
52,8,2,0,48,0.17777777777777778
52,9,1,0,94,0.34814814814814815
52,10,5,0,48,0.17777777777777778
52,11,1,0,39,0.14444444444444443
52,12,4,0,31,0.11481481481481481
52,13,0,0,25,0.09259259259259259
52,14,3,0,43,0.15925925925925927
53,0,2,0,64,0.23703703703703705
53,1,5,0,61,0.22592592592592592
53,2,2,0,58,0.21481481481481482
53,3,4,0,55,0.2037037037037037
53,4,5,0,47,0.17407407407407408
53,5,1,1,51,0.18888888888888888
53,6,4,0,38,0.14074074074074075
53,7,1,1,122,0.45185185185185184
53,8,3,1,27,0.1
53,9,2,1,57,0.2111111111111111
53,10,4,0,36,0.13333333333333333
53,11,0,0,25,0.09259259259259259
53,12,5,0,57,0.2111111111111111
53,13,1,0,35,0.12962962962962962
53,14,1,1,34,0.1259259259259259
53,15,5,0,69,0.25555555555555554
53,16,1,0,30,0.1111111111111111
53,17,2,0,59,0.21851851851851853
53,18,5,0,67,0.24814814814814815
53,19,5,0,56,0.2074074074074074
53,20,1,0,35,0.12962962962962962
53,21,3,0,26,0.0962962962962963
53,22,2,0,58,0.21481481481481482
53,23,0,0,18,0.06666666666666667
53,24,3,0,16,0.05925925925925926
53,25,1,0,112,0.4148148148148148
53,26,3,1,51,0.18888888888888888
53,27,4,0,31,0.11481481481481481
53,28,4,0,58,0.21481481481481482
53,29,3,0,30,0.1111111111111111
53,30,3,0,32,0.11851851851851852
53,31,4,0,36,0.13333333333333333
53,32,1,0,37,0.13703703703703704
53,33,0,0,17,0.06296296296296296
53,34,5,1,48,0.17777777777777778
53,35,4,0,31,0.11481481481481481
53,36,0,0,16,0.05925925925925926
53,37,2,0,57,0.2111111111111111
53,38,2,0,45,0.16666666666666666
53,39,3,1,19,0.07037037037037037
53,40,2,1,71,0.26296296296296295
53,41,2,1,79,0.29259259259259257
53,42,2,0,127,0.4703703703703704
53,43,5,1,62,0.22962962962962963
53,44,2,0,48,0.17777777777777778
54,0,3,0,22,0.08148148148148149
54,1,1,0,45,0.16666666666666666
54,2,5,0,47,0.17407407407407408
54,3,4,0,34,0.1259259259259259
54,4,3,0,27,0.1
54,5,4,0,33,0.12222222222222222
54,6,0,0,18,0.06666666666666667
54,7,5,0,46,0.17037037037037037
54,8,3,1,22,0.08148148148148149
54,9,3,0,16,0.05925925925925926
54,10,1,0,39,0.14444444444444443
54,11,0,0,28,0.1037037037037037
54,12,5,0,51,0.18888888888888888
54,13,5,0,49,0.1814814814814815
54,14,1,1,34,0.1259259259259259
54,15,5,0,55,0.2037037037037037
54,16,5,0,83,0.3074074074074074
54,17,0,0,21,0.07777777777777778
54,18,3,1,16,0.05925925925925926
54,19,4,0,31,0.11481481481481481
54,20,4,0,32,0.11851851851851852
54,21,4,0,122,0.45185185185185184
54,22,4,1,57,0.2111111111111111
54,23,4,0,59,0.21851851851851853
54,24,5,0,65,0.24074074074074073
54,25,0,0,19,0.07037037037037037
54,26,5,0,45,0.16666666666666666
54,27,0,1,17,0.06296296296296296
54,28,4,0,62,0.22962962962962963
55,0,4,0,53,0.1962962962962963
55,1,3,0,31,0.11481481481481481
55,2,0,0,43,0.15925925925925927
55,3,4,0,38,0.14074074074074075
55,4,4,0,103,0.3814814814814815
55,5,2,0,46,0.17037037037037037
55,6,1,1,102,0.37777777777777777
55,7,2,0,61,0.22592592592592592
55,8,1,0,41,0.15185185185185185
55,9,3,0,27,0.1
55,10,4,0,32,0.11851851851851852
55,11,5,0,91,0.337037037037037
55,12,5,0,126,0.4666666666666667
55,13,4,0,35,0.12962962962962962
55,14,3,1,17,0.06296296296296296
55,15,4,0,57,0.2111111111111111
55,16,5,0,229,0.8481481481481481
55,17,0,0,33,0.12222222222222222
55,18,1,1,51,0.18888888888888888
55,19,5,0,98,0.362962962962963
55,20,1,0,270,1.0
55,21,4,0,38,0.14074074074074075
55,22,2,0,71,0.26296296296296295
55,23,2,1,115,0.42592592592592593
55,24,3,0,17,0.06296296296296296
55,25,4,0,33,0.12222222222222222
55,26,3,1,17,0.06296296296296296
55,27,3,1,27,0.1
55,28,2,1,47,0.17407407407407408
55,29,2,0,65,0.24074074074074073
55,30,2,0,70,0.25925925925925924
55,31,0,1,16,0.05925925925925926
55,32,2,0,59,0.21851851851851853
55,33,0,0,16,0.05925925925925926
55,34,1,0,37,0.13703703703703704
55,35,2,0,79,0.29259259259259257
55,36,2,0,45,0.16666666666666666
56,0,0,1,17,0.06296296296296296
56,1,4,0,80,0.2962962962962963
56,2,4,0,41,0.15185185185185185
56,3,0,0,16,0.05925925925925926
56,4,4,1,42,0.15555555555555556
56,5,5,0,53,0.1962962962962963
56,6,3,0,18,0.06666666666666667
56,7,2,0,69,0.25555555555555554
56,8,1,0,46,0.17037037037037037
56,9,3,0,15,0.05555555555555555
56,10,5,0,71,0.26296296296296295
56,11,2,0,62,0.22962962962962963
56,12,5,0,108,0.4
56,13,0,0,19,0.07037037037037037
56,14,3,0,16,0.05925925925925926
56,15,4,0,32,0.11851851851851852
56,16,0,0,17,0.06296296296296296
56,17,0,0,20,0.07407407407407407
57,0,1,1,36,0.13333333333333333
57,1,0,1,17,0.06296296296296296
57,2,3,1,17,0.06296296296296296
57,3,0,0,42,0.15555555555555556
57,4,4,0,33,0.12222222222222222
57,5,1,0,45,0.16666666666666666
57,6,5,0,56,0.2074074074074074
57,7,0,0,18,0.06666666666666667
57,8,4,0,37,0.13703703703703704
57,9,3,0,34,0.1259259259259259
57,10,2,1,126,0.4666666666666667
57,11,1,0,54,0.2
57,12,0,0,45,0.16666666666666666
57,13,5,0,69,0.25555555555555554
58,0,4,1,33,0.12222222222222222
58,1,2,0,89,0.3296296296296296
58,2,0,0,16,0.05925925925925926
58,3,2,0,68,0.2518518518518518
58,4,2,0,61,0.22592592592592592
58,5,3,0,22,0.08148148148148149
58,6,1,0,35,0.12962962962962962
58,7,4,0,86,0.31851851851851853
58,8,4,1,35,0.12962962962962962
58,9,3,0,16,0.05925925925925926
58,10,1,0,31,0.11481481481481481
58,11,4,0,33,0.12222222222222222
58,12,2,0,55,0.2037037037037037
58,13,2,0,53,0.1962962962962963
58,14,5,0,61,0.22592592592592592
58,15,2,0,81,0.3
58,16,5,0,54,0.2
58,17,2,0,54,0.2
58,18,5,0,51,0.18888888888888888
58,19,4,0,39,0.14444444444444443
58,20,3,0,19,0.07037037037037037
58,21,4,0,32,0.11851851851851852
58,22,2,0,49,0.1814814814814815
58,23,5,0,77,0.2851851851851852
58,24,3,0,92,0.34074074074074073
58,25,2,0,77,0.2851851851851852
58,26,5,0,49,0.1814814814814815
58,27,2,0,47,0.17407407407407408
58,28,3,0,33,0.12222222222222222
58,29,3,0,22,0.08148148148148149
58,30,1,0,38,0.14074074074074075
58,31,2,0,127,0.4703703703703704
58,32,5,1,68,0.2518518518518518
58,33,0,0,16,0.05925925925925926
59,0,2,1,96,0.35555555555555557
59,1,0,0,18,0.06666666666666667
59,2,5,1,72,0.26666666666666666
59,3,2,0,49,0.1814814814814815
59,4,4,0,33,0.12222222222222222
59,5,3,0,18,0.06666666666666667
59,6,1,0,68,0.2518518518518518
59,7,5,0,54,0.2
59,8,5,0,50,0.18518518518518517
59,9,1,0,35,0.12962962962962962
59,10,4,0,31,0.11481481481481481
59,11,4,0,32,0.11851851851851852
59,12,4,0,36,0.13333333333333333
59,13,4,1,40,0.14814814814814814
59,14,2,0,270,1.0
59,15,4,0,31,0.11481481481481481
59,16,2,1,48,0.17777777777777778
59,17,0,1,32,0.11851851851851852
59,18,0,0,19,0.07037037037037037
59,19,4,0,57,0.2111111111111111
59,20,4,0,57,0.2111111111111111
59,21,5,0,51,0.18888888888888888
59,22,0,0,26,0.0962962962962963
59,23,3,0,30,0.1111111111111111
59,24,2,0,51,0.18888888888888888
59,25,1,0,61,0.22592592592592592
60,0,4,0,34,0.1259259259259259
60,1,3,0,15,0.05555555555555555
60,2,2,1,54,0.2
60,3,0,1,17,0.06296296296296296
60,4,0,0,15,0.05555555555555555
60,5,1,0,39,0.14444444444444443
60,6,5,0,112,0.4148148148148148
60,7,2,0,46,0.17037037037037037
60,8,0,0,18,0.06666666666666667
60,9,4,0,31,0.11481481481481481
60,10,5,0,103,0.3814814814814815
60,11,0,1,17,0.06296296296296296
60,12,2,1,270,1.0
60,13,0,0,17,0.06296296296296296
60,14,5,0,53,0.1962962962962963
60,15,4,0,39,0.14444444444444443
60,16,4,0,44,0.16296296296296298
60,17,2,1,47,0.17407407407407408
60,18,5,1,55,0.2037037037037037
60,19,1,0,35,0.12962962962962962
60,20,4,0,57,0.2111111111111111
60,21,3,0,21,0.07777777777777778
60,22,2,0,60,0.2222222222222222
60,23,3,0,18,0.06666666666666667
60,24,4,0,50,0.18518518518518517
60,25,4,0,31,0.11481481481481481
60,26,5,0,54,0.2
60,27,5,1,47,0.17407407407407408
60,28,4,0,37,0.13703703703703704
60,29,5,0,55,0.2037037037037037
60,30,2,0,80,0.2962962962962963
60,31,2,0,66,0.24444444444444444
60,32,5,1,80,0.2962962962962963
60,33,0,0,16,0.05925925925925926
60,34,2,1,76,0.2814814814814815
60,35,4,0,66,0.24444444444444444
60,36,0,0,19,0.07037037037037037
60,37,4,1,38,0.14074074074074075
60,38,4,0,31,0.11481481481481481
60,39,1,0,45,0.16666666666666666
60,40,4,0,35,0.12962962962962962
60,41,1,0,31,0.11481481481481481
61,0,1,0,101,0.37407407407407406
61,1,4,0,39,0.14444444444444443
61,2,2,0,61,0.22592592592592592
61,3,5,1,61,0.22592592592592592
61,4,2,0,68,0.2518518518518518
61,5,0,0,18,0.06666666666666667
61,6,0,0,15,0.05555555555555555
61,7,2,0,48,0.17777777777777778
61,8,4,0,50,0.18518518518518517
61,9,5,0,48,0.17777777777777778
61,10,1,1,76,0.2814814814814815
61,11,3,0,15,0.05555555555555555
61,12,4,0,39,0.14444444444444443
61,13,1,0,153,0.5666666666666667
61,14,2,0,63,0.23333333333333334
61,15,0,0,39,0.14444444444444443
61,16,0,1,25,0.09259259259259259
61,17,2,0,55,0.2037037037037037
61,18,2,0,49,0.1814814814814815
61,19,0,0,15,0.05555555555555555
61,20,0,1,16,0.05925925925925926
61,21,2,0,56,0.2074074074074074
61,22,3,1,16,0.05925925925925926
61,23,0,0,16,0.05925925925925926
61,24,1,0,41,0.15185185185185185
61,25,3,1,17,0.06296296296296296
61,26,0,0,22,0.08148148148148149
61,27,2,0,71,0.26296296296296295
61,28,2,0,45,0.16666666666666666
61,29,3,0,16,0.05925925925925926
61,30,4,0,53,0.1962962962962963
61,31,5,0,64,0.23703703703703705
61,32,4,1,39,0.14444444444444443
61,33,3,0,16,0.05925925925925926
61,34,0,0,24,0.08888888888888889
61,35,1,1,31,0.11481481481481481
61,36,0,1,17,0.06296296296296296
61,37,5,0,134,0.4962962962962963
61,38,2,0,65,0.24074074074074073
61,39,2,1,65,0.24074074074074073
61,40,1,0,31,0.11481481481481481
62,0,2,1,54,0.2
62,1,5,1,46,0.17037037037037037
62,2,3,0,33,0.12222222222222222
62,3,0,0,17,0.06296296296296296
62,4,5,1,45,0.16666666666666666
62,5,2,0,207,0.7666666666666667
62,6,2,0,66,0.24444444444444444
62,7,4,1,31,0.11481481481481481
62,8,5,0,49,0.1814814814814815
62,9,3,0,15,0.05555555555555555
62,10,3,0,16,0.05925925925925926
62,11,2,0,56,0.2074074074074074
63,0,5,0,125,0.46296296296296297
63,1,4,0,33,0.12222222222222222
63,2,5,0,53,0.1962962962962963
63,3,3,1,16,0.05925925925925926
63,4,0,0,16,0.05925925925925926
63,5,1,1,72,0.26666666666666666
63,6,3,0,21,0.07777777777777778
63,7,5,1,57,0.2111111111111111
63,8,2,1,48,0.17777777777777778
63,9,3,0,16,0.05925925925925926
63,10,2,0,61,0.22592592592592592
63,11,4,0,54,0.2
63,12,4,0,66,0.24444444444444444
63,13,2,0,53,0.1962962962962963
63,14,1,0,59,0.21851851851851853
63,15,3,0,17,0.06296296296296296
63,16,0,0,27,0.1
63,17,1,0,33,0.12222222222222222
63,18,1,1,40,0.14814814814814814
63,19,3,0,39,0.14444444444444443
63,20,5,0,58,0.21481481481481482
63,21,4,1,33,0.12222222222222222
63,22,3,1,18,0.06666666666666667
63,23,4,0,45,0.16666666666666666
63,24,2,0,64,0.23703703703703705
63,25,5,0,56,0.2074074074074074
64,0,3,0,20,0.07407407407407407
64,1,3,0,15,0.05555555555555555
64,2,0,1,21,0.07777777777777778
64,3,1,0,48,0.17777777777777778
64,4,0,0,17,0.06296296296296296
64,5,2,0,61,0.22592592592592592
64,6,5,0,70,0.25925925925925924
64,7,0,0,28,0.1037037037037037
64,8,5,0,63,0.23333333333333334
64,9,5,0,106,0.3925925925925926
64,10,4,0,36,0.13333333333333333
64,11,5,0,52,0.1925925925925926
64,12,4,0,50,0.18518518518518517
64,13,0,0,41,0.15185185185185185
64,14,4,0,30,0.1111111111111111
64,15,1,1,35,0.12962962962962962
64,16,0,0,16,0.05925925925925926
64,17,1,0,30,0.1111111111111111
64,18,5,0,47,0.17407407407407408
64,19,0,0,29,0.10740740740740741
64,20,4,0,82,0.3037037037037037
64,21,3,0,17,0.06296296296296296
64,22,5,1,59,0.21851851851851853
64,23,5,1,50,0.18518518518518517
64,24,4,0,41,0.15185185185185185
64,25,3,0,16,0.05925925925925926
64,26,5,0,97,0.3592592592592593
64,27,2,1,45,0.16666666666666666
64,28,2,0,69,0.25555555555555554
64,29,2,0,86,0.31851851851851853
64,30,3,1,33,0.12222222222222222
64,31,2,1,46,0.17037037037037037
64,32,2,0,46,0.17037037037037037
65,0,1,0,121,0.44814814814814813
65,1,2,1,47,0.17407407407407408
65,2,4,0,40,0.14814814814814814
65,3,0,1,20,0.07407407407407407
65,4,4,0,57,0.2111111111111111
65,5,3,1,19,0.07037037037037037
65,6,2,0,62,0.22962962962962963
65,7,2,0,125,0.46296296296296297
65,8,2,0,53,0.1962962962962963
65,9,1,0,52,0.1925925925925926
65,10,4,0,52,0.1925925925925926
65,11,3,0,21,0.07777777777777778
65,12,4,1,33,0.12222222222222222
65,13,4,0,37,0.13703703703703704
65,14,5,0,49,0.1814814814814815
66,0,5,0,57,0.2111111111111111
66,1,5,0,49,0.1814814814814815
66,2,1,0,35,0.12962962962962962
66,3,0,1,20,0.07407407407407407
66,4,5,0,59,0.21851851851851853
66,5,3,0,27,0.1
66,6,1,0,48,0.17777777777777778
66,7,3,0,19,0.07037037037037037
66,8,5,0,48,0.17777777777777778
66,9,5,0,59,0.21851851851851853
66,10,3,0,17,0.06296296296296296
66,11,2,0,46,0.17037037037037037
66,12,1,0,50,0.18518518518518517
66,13,2,0,52,0.1925925925925926
66,14,0,0,23,0.08518518518518518
66,15,5,1,72,0.26666666666666666
66,16,2,0,86,0.31851851851851853
66,17,4,0,39,0.14444444444444443
66,18,2,0,71,0.26296296296296295
66,19,0,0,20,0.07407407407407407
66,20,0,1,27,0.1
66,21,4,1,36,0.13333333333333333
66,22,0,0,17,0.06296296296296296
66,23,4,1,90,0.3333333333333333
66,24,5,0,55,0.2037037037037037
66,25,0,0,90,0.3333333333333333
66,26,2,0,141,0.5222222222222223
66,27,3,0,23,0.08518518518518518
66,28,2,0,72,0.26666666666666666
66,29,1,0,35,0.12962962962962962
66,30,2,1,76,0.2814814814814815
66,31,3,1,18,0.06666666666666667
66,32,0,0,64,0.23703703703703705
66,33,4,0,30,0.1111111111111111
66,34,2,0,45,0.16666666666666666
66,35,4,0,270,1.0
66,36,1,0,43,0.15925925925925927
66,37,1,1,37,0.13703703703703704
66,38,0,0,29,0.10740740740740741
66,39,0,0,25,0.09259259259259259
66,40,2,1,148,0.5481481481481482
66,41,1,0,40,0.14814814814814814
66,42,1,0,50,0.18518518518518517
67,0,0,0,17,0.06296296296296296
67,1,4,0,64,0.23703703703703705
67,2,3,0,19,0.07037037037037037
67,3,2,1,56,0.2074074074074074
67,4,0,1,32,0.11851851851851852
67,5,4,0,37,0.13703703703703704
67,6,3,0,17,0.06296296296296296
67,7,0,0,16,0.05925925925925926
67,8,3,0,62,0.22962962962962963
67,9,0,0,23,0.08518518518518518
68,0,4,1,55,0.2037037037037037
68,1,3,1,16,0.05925925925925926
68,2,4,0,59,0.21851851851851853
68,3,0,0,15,0.05555555555555555
68,4,0,1,17,0.06296296296296296
68,5,0,0,16,0.05925925925925926
68,6,5,0,120,0.4444444444444444
68,7,2,0,55,0.2037037037037037
68,8,3,1,19,0.07037037037037037
68,9,5,1,50,0.18518518518518517
68,10,0,0,15,0.05555555555555555
68,11,1,0,38,0.14074074074074075
68,12,4,0,41,0.15185185185185185
68,13,5,0,49,0.1814814814814815
68,14,0,0,18,0.06666666666666667
68,15,4,0,62,0.22962962962962963
68,16,5,1,46,0.17037037037037037
68,17,5,0,270,1.0
68,18,5,0,63,0.23333333333333334
68,19,2,1,207,0.7666666666666667
68,20,4,0,69,0.25555555555555554
68,21,0,1,89,0.3296296296296296
68,22,5,0,75,0.2777777777777778
68,23,1,0,33,0.12222222222222222
68,24,0,0,37,0.13703703703703704
68,25,5,0,55,0.2037037037037037
68,26,4,0,59,0.21851851851851853
68,27,4,0,31,0.11481481481481481
68,28,5,0,88,0.32592592592592595
68,29,4,0,31,0.11481481481481481
68,30,0,1,20,0.07407407407407407
68,31,0,0,15,0.05555555555555555
68,32,0,0,19,0.07037037037037037
68,33,3,0,15,0.05555555555555555
68,34,4,0,33,0.12222222222222222
68,35,3,0,22,0.08148148148148149
68,36,3,0,16,0.05925925925925926
68,37,5,0,51,0.18888888888888888
68,38,5,0,127,0.4703703703703704
68,39,5,1,45,0.16666666666666666
69,0,4,0,30,0.1111111111111111
69,1,1,0,32,0.11851851851851852
69,2,2,1,47,0.17407407407407408
69,3,5,0,49,0.1814814814814815
69,4,0,0,21,0.07777777777777778
69,5,0,0,18,0.06666666666666667
69,6,2,0,49,0.1814814814814815
69,7,1,0,60,0.2222222222222222
69,8,0,0,19,0.07037037037037037
69,9,5,0,195,0.7222222222222222
69,10,2,0,228,0.8444444444444444
69,11,5,0,50,0.18518518518518517
69,12,5,0,51,0.18888888888888888
69,13,2,0,49,0.1814814814814815
69,14,2,0,46,0.17037037037037037
69,15,0,1,17,0.06296296296296296
69,16,2,0,63,0.23333333333333334
69,17,2,1,52,0.1925925925925926
69,18,4,0,93,0.34444444444444444
69,19,3,1,35,0.12962962962962962
69,20,3,0,28,0.1037037037037037
69,21,4,0,30,0.1111111111111111
69,22,2,0,48,0.17777777777777778
69,23,1,0,41,0.15185185185185185
69,24,0,0,16,0.05925925925925926
69,25,1,0,59,0.21851851851851853
69,26,1,0,79,0.29259259259259257
69,27,5,0,79,0.29259259259259257
69,28,4,0,33,0.12222222222222222
69,29,2,1,104,0.3851851851851852
69,30,4,0,43,0.15925925925925927
69,31,4,1,37,0.13703703703703704
69,32,5,0,93,0.34444444444444444
69,33,4,0,41,0.15185185185185185
69,34,4,0,30,0.1111111111111111
69,35,3,1,31,0.11481481481481481
69,36,5,0,174,0.6444444444444445
69,37,1,1,55,0.2037037037037037
69,38,2,0,51,0.18888888888888888
70,0,1,0,39,0.14444444444444443
70,1,5,0,47,0.17407407407407408
70,2,1,0,30,0.1111111111111111
70,3,5,0,70,0.25925925925925924
70,4,1,0,41,0.15185185185185185
70,5,4,0,36,0.13333333333333333
70,6,1,0,87,0.32222222222222224
70,7,3,0,19,0.07037037037037037
70,8,4,0,34,0.1259259259259259
70,9,2,1,75,0.2777777777777778
70,10,4,1,39,0.14444444444444443
71,0,0,0,24,0.08888888888888889
71,1,2,1,47,0.17407407407407408
71,2,1,0,146,0.5407407407407407
71,3,0,1,39,0.14444444444444443
71,4,5,0,90,0.3333333333333333
71,5,2,0,63,0.23333333333333334
71,6,0,0,17,0.06296296296296296
71,7,3,1,20,0.07407407407407407
71,8,1,0,95,0.35185185185185186
71,9,1,0,50,0.18518518518518517
71,10,4,0,59,0.21851851851851853
71,11,1,0,48,0.17777777777777778
71,12,3,1,21,0.07777777777777778
71,13,1,0,48,0.17777777777777778
71,14,1,1,31,0.11481481481481481
71,15,0,1,17,0.06296296296296296
71,16,2,0,72,0.26666666666666666
71,17,0,0,29,0.10740740740740741
71,18,4,0,38,0.14074074074074075
71,19,4,0,46,0.17037037037037037
71,20,1,0,30,0.1111111111111111
71,21,5,0,69,0.25555555555555554
71,22,4,1,44,0.16296296296296298
71,23,5,0,47,0.17407407407407408
71,24,2,0,83,0.3074074074074074
71,25,0,1,20,0.07407407407407407
71,26,4,0,42,0.15555555555555556
71,27,5,1,64,0.23703703703703705
71,28,1,0,41,0.15185185185185185
71,29,0,0,22,0.08148148148148149
71,30,2,0,49,0.1814814814814815
71,31,0,0,18,0.06666666666666667
72,0,1,0,33,0.12222222222222222
72,1,3,0,15,0.05555555555555555
72,2,1,0,33,0.12222222222222222
72,3,4,0,33,0.12222222222222222
72,4,4,1,37,0.13703703703703704
72,5,0,0,28,0.1037037037037037
72,6,2,0,52,0.1925925925925926
72,7,0,0,241,0.8925925925925926
72,8,1,0,52,0.1925925925925926
72,9,1,0,39,0.14444444444444443
72,10,4,0,44,0.16296296296296298
72,11,4,1,33,0.12222222222222222
72,12,5,1,48,0.17777777777777778
72,13,3,0,20,0.07407407407407407
72,14,2,1,58,0.21481481481481482
72,15,3,0,22,0.08148148148148149
72,16,3,0,37,0.13703703703703704
72,17,2,0,91,0.337037037037037
72,18,5,0,58,0.21481481481481482
72,19,2,0,74,0.2740740740740741
73,0,3,0,31,0.11481481481481481
73,1,3,0,32,0.11851851851851852
73,2,3,0,15,0.05555555555555555
73,3,5,0,69,0.25555555555555554
73,4,5,1,76,0.2814814814814815
73,5,1,0,40,0.14814814814814814
73,6,1,0,39,0.14444444444444443
73,7,4,1,36,0.13333333333333333
73,8,5,0,60,0.2222222222222222
73,9,4,0,65,0.24074074074074073
73,10,4,0,52,0.1925925925925926
73,11,0,0,17,0.06296296296296296
73,12,0,0,20,0.07407407407407407
73,13,1,1,37,0.13703703703703704
73,14,4,0,43,0.15925925925925927
73,15,2,0,109,0.40370370370370373
73,16,0,0,24,0.08888888888888889
73,17,2,0,64,0.23703703703703705
73,18,5,0,66,0.24444444444444444
73,19,0,1,28,0.1037037037037037
73,20,4,0,40,0.14814814814814814
73,21,5,0,81,0.3
73,22,4,0,44,0.16296296296296298
73,23,4,0,32,0.11851851851851852
73,24,3,0,19,0.07037037037037037
73,25,4,1,35,0.12962962962962962
73,26,0,0,20,0.07407407407407407
73,27,5,0,64,0.23703703703703705
73,28,2,1,45,0.16666666666666666
73,29,5,0,59,0.21851851851851853
73,30,3,0,20,0.07407407407407407
73,31,1,1,37,0.13703703703703704
73,32,3,1,17,0.06296296296296296
73,33,0,0,26,0.0962962962962963
73,34,0,0,16,0.05925925925925926
73,35,0,0,21,0.07777777777777778
73,36,3,0,27,0.1
73,37,2,0,50,0.18518518518518517
73,38,5,1,63,0.23333333333333334
73,39,3,0,17,0.06296296296296296
73,40,0,1,16,0.05925925925925926
73,41,1,1,53,0.1962962962962963
73,42,1,0,34,0.1259259259259259
73,43,0,0,18,0.06666666666666667
73,44,2,0,69,0.25555555555555554
73,45,3,0,16,0.05925925925925926
73,46,0,0,22,0.08148148148148149
74,0,0,0,20,0.07407407407407407
74,1,2,0,56,0.2074074074074074
74,2,2,0,60,0.2222222222222222
74,3,1,0,67,0.24814814814814815
74,4,3,0,25,0.09259259259259259
74,5,4,0,33,0.12222222222222222
74,6,5,0,257,0.9518518518518518
74,7,5,1,59,0.21851851851851853
74,8,0,0,18,0.06666666666666667
74,9,4,0,38,0.14074074074074075
74,10,3,0,67,0.24814814814814815
74,11,0,0,20,0.07407407407407407
74,12,0,0,18,0.06666666666666667
74,13,5,0,79,0.29259259259259257
74,14,2,0,54,0.2
74,15,1,0,36,0.13333333333333333
74,16,1,0,42,0.15555555555555556
74,17,4,0,45,0.16666666666666666
74,18,5,0,62,0.22962962962962963
74,19,3,0,15,0.05555555555555555
74,20,1,0,33,0.12222222222222222
74,21,4,0,52,0.1925925925925926
75,0,4,0,34,0.1259259259259259
75,1,5,1,78,0.28888888888888886
75,2,0,0,20,0.07407407407407407
75,3,1,0,70,0.25925925925925924
75,4,3,1,15,0.05555555555555555
75,5,5,0,54,0.2
75,6,0,0,19,0.07037037037037037
75,7,1,0,57,0.2111111111111111
75,8,0,0,19,0.07037037037037037
75,9,0,0,19,0.07037037037037037
75,10,1,0,35,0.12962962962962962
75,11,0,0,18,0.06666666666666667
75,12,3,0,50,0.18518518518518517
75,13,3,0,28,0.1037037037037037
75,14,3,0,18,0.06666666666666667
75,15,1,0,52,0.1925925925925926
76,0,4,0,71,0.26296296296296295
76,1,2,0,126,0.4666666666666667
76,2,0,1,23,0.08518518518518518
76,3,0,1,37,0.13703703703703704
76,4,5,1,85,0.3148148148148148
76,5,4,0,42,0.15555555555555556
76,6,2,1,46,0.17037037037037037
76,7,2,0,63,0.23333333333333334
76,8,2,0,57,0.2111111111111111
76,9,5,0,60,0.2222222222222222
76,10,1,0,48,0.17777777777777778
76,11,3,1,20,0.07407407407407407
76,12,2,0,263,0.9740740740740741
76,13,0,0,18,0.06666666666666667
76,14,5,0,88,0.32592592592592595
76,15,4,0,73,0.27037037037037037
76,16,3,0,19,0.07037037037037037
76,17,3,0,21,0.07777777777777778
76,18,1,0,34,0.1259259259259259
76,19,3,1,17,0.06296296296296296
76,20,3,0,20,0.07407407407407407
76,21,2,0,95,0.35185185185185186
76,22,5,0,71,0.26296296296296295
76,23,0,0,19,0.07037037037037037
76,24,0,1,17,0.06296296296296296
76,25,3,0,33,0.12222222222222222
76,26,4,0,40,0.14814814814814814
76,27,5,0,51,0.18888888888888888
76,28,2,0,61,0.22592592592592592
76,29,2,0,51,0.18888888888888888
76,30,0,0,16,0.05925925925925926
76,31,5,0,154,0.5703703703703704
76,32,1,0,35,0.12962962962962962
76,33,1,0,35,0.12962962962962962
76,34,4,0,35,0.12962962962962962
76,35,3,0,21,0.07777777777777778
76,36,0,0,18,0.06666666666666667
76,37,1,0,33,0.12222222222222222
76,38,3,0,18,0.06666666666666667
76,39,0,1,15,0.05555555555555555
76,40,4,0,96,0.35555555555555557
76,41,5,0,56,0.2074074074074074
76,42,2,0,55,0.2037037037037037
76,43,3,0,25,0.09259259259259259
76,44,0,0,19,0.07037037037037037
77,0,4,0,56,0.2074074074074074
77,1,1,0,36,0.13333333333333333
77,2,2,1,60,0.2222222222222222
77,3,5,0,49,0.1814814814814815
77,4,4,0,60,0.2222222222222222
77,5,0,1,16,0.05925925925925926
77,6,4,0,86,0.31851851851851853
77,7,5,0,52,0.1925925925925926
77,8,5,0,89,0.3296296296296296
77,9,1,0,41,0.15185185185185185
77,10,0,0,21,0.07777777777777778
77,11,2,0,75,0.2777777777777778
77,12,4,0,118,0.43703703703703706
77,13,5,1,52,0.1925925925925926
77,14,5,0,47,0.17407407407407408
77,15,0,0,22,0.08148148148148149
77,16,5,1,50,0.18518518518518517
77,17,3,1,16,0.05925925925925926
77,18,1,1,30,0.1111111111111111
77,19,2,0,71,0.26296296296296295
77,20,5,0,73,0.27037037037037037
77,21,5,1,53,0.1962962962962963
77,22,0,0,32,0.11851851851851852
77,23,2,0,127,0.4703703703703704
77,24,1,0,39,0.14444444444444443
78,0,4,0,33,0.12222222222222222
78,1,2,0,52,0.1925925925925926
78,2,3,1,19,0.07037037037037037
78,3,4,0,34,0.1259259259259259
78,4,1,0,81,0.3
78,5,5,0,73,0.27037037037037037
78,6,5,0,49,0.1814814814814815
78,7,4,0,50,0.18518518518518517
78,8,0,1,28,0.1037037037037037
78,9,4,0,35,0.12962962962962962
78,10,0,0,18,0.06666666666666667
78,11,4,0,99,0.36666666666666664
78,12,5,0,47,0.17407407407407408
78,13,0,0,24,0.08888888888888889
78,14,5,0,65,0.24074074074074073
78,15,5,1,77,0.2851851851851852
78,16,5,0,52,0.1925925925925926
78,17,3,0,16,0.05925925925925926
78,18,0,1,54,0.2
78,19,1,0,70,0.25925925925925924
78,20,0,0,15,0.05555555555555555
78,21,3,0,20,0.07407407407407407
78,22,1,0,41,0.15185185185185185
78,23,4,0,52,0.1925925925925926
78,24,1,0,35,0.12962962962962962
79,0,4,0,44,0.16296296296296298
79,1,0,0,16,0.05925925925925926
79,2,2,0,144,0.5333333333333333
79,3,3,0,25,0.09259259259259259
79,4,2,0,49,0.1814814814814815
79,5,4,0,41,0.15185185185185185
79,6,2,0,49,0.1814814814814815
79,7,3,0,16,0.05925925925925926
79,8,5,0,115,0.42592592592592593
79,9,1,1,34,0.1259259259259259
79,10,1,1,40,0.14814814814814814
79,11,3,0,15,0.05555555555555555
79,12,1,1,31,0.11481481481481481
79,13,0,0,15,0.05555555555555555
79,14,4,0,35,0.12962962962962962
79,15,1,0,45,0.16666666666666666
79,16,2,0,74,0.2740740740740741
79,17,1,1,36,0.13333333333333333
79,18,0,1,21,0.07777777777777778
79,19,5,0,88,0.32592592592592595
79,20,3,1,23,0.08518518518518518
79,21,0,0,16,0.05925925925925926
79,22,2,0,55,0.2037037037037037
79,23,1,1,40,0.14814814814814814
79,24,5,0,49,0.1814814814814815
79,25,0,0,16,0.05925925925925926
79,26,5,0,46,0.17037037037037037
79,27,3,0,48,0.17777777777777778
79,28,1,0,47,0.17407407407407408
79,29,0,1,25,0.09259259259259259
79,30,2,0,62,0.22962962962962963
79,31,4,1,35,0.12962962962962962
79,32,4,1,39,0.14444444444444443
79,33,1,0,60,0.2222222222222222
79,34,2,0,46,0.17037037037037037
79,35,5,0,90,0.3333333333333333
79,36,1,0,39,0.14444444444444443
79,37,5,0,65,0.24074074074074073
79,38,3,1,37,0.13703703703703704
79,39,1,0,50,0.18518518518518517
79,40,2,0,70,0.25925925925925924
79,41,2,0,54,0.2
79,42,4,0,39,0.14444444444444443
80,0,3,0,18,0.06666666666666667
80,1,4,0,37,0.13703703703703704
80,2,3,0,16,0.05925925925925926
80,3,3,1,17,0.06296296296296296
80,4,2,0,55,0.2037037037037037
80,5,5,0,57,0.2111111111111111
80,6,1,0,31,0.11481481481481481
80,7,2,1,95,0.35185185185185186
80,8,0,0,16,0.05925925925925926
80,9,4,0,34,0.1259259259259259
80,10,5,0,67,0.24814814814814815
80,11,2,0,65,0.24074074074074073
80,12,4,0,32,0.11851851851851852
80,13,3,0,17,0.06296296296296296
80,14,1,0,35,0.12962962962962962
80,15,2,1,50,0.18518518518518517
80,16,4,1,37,0.13703703703703704
80,17,0,0,27,0.1
80,18,4,0,34,0.1259259259259259
80,19,4,0,38,0.14074074074074075
80,20,0,1,62,0.22962962962962963
80,21,1,0,87,0.32222222222222224
81,0,0,0,22,0.08148148148148149
81,1,1,0,45,0.16666666666666666
81,2,3,1,38,0.14074074074074075
81,3,5,0,45,0.16666666666666666
81,4,3,1,16,0.05925925925925926
81,5,1,0,61,0.22592592592592592
81,6,0,0,17,0.06296296296296296
81,7,1,0,51,0.18888888888888888
81,8,2,0,57,0.2111111111111111
81,9,1,0,34,0.1259259259259259
81,10,1,0,39,0.14444444444444443
81,11,1,0,32,0.11851851851851852
81,12,5,0,92,0.34074074074074073
82,0,3,0,15,0.05555555555555555
82,1,1,0,32,0.11851851851851852
82,2,4,1,66,0.24444444444444444
82,3,0,0,121,0.44814814814814813
82,4,5,1,135,0.5
82,5,5,0,51,0.18888888888888888
82,6,0,0,18,0.06666666666666667
82,7,3,0,15,0.05555555555555555
82,8,5,0,54,0.2
82,9,4,0,31,0.11481481481481481
82,10,3,0,20,0.07407407407407407
82,11,3,0,31,0.11481481481481481
82,12,1,1,31,0.11481481481481481
82,13,1,1,63,0.23333333333333334
83,0,2,0,51,0.18888888888888888
83,1,2,0,66,0.24444444444444444
83,2,2,0,63,0.23333333333333334
83,3,3,0,16,0.05925925925925926
83,4,5,0,47,0.17407407407407408
83,5,4,0,33,0.12222222222222222
83,6,5,1,49,0.1814814814814815
83,7,0,0,30,0.1111111111111111
83,8,0,0,17,0.06296296296296296
83,9,2,1,90,0.3333333333333333
83,10,3,0,20,0.07407407407407407
83,11,0,0,70,0.25925925925925924
83,12,3,0,21,0.07777777777777778
83,13,1,0,34,0.1259259259259259
83,14,0,0,17,0.06296296296296296
83,15,0,0,36,0.13333333333333333
83,16,5,1,50,0.18518518518518517
83,17,0,1,17,0.06296296296296296
83,18,2,0,57,0.2111111111111111
83,19,2,0,54,0.2
83,20,2,0,50,0.18518518518518517
83,21,0,1,30,0.1111111111111111
83,22,4,0,31,0.11481481481481481
83,23,3,0,22,0.08148148148148149
83,24,2,0,46,0.17037037037037037
83,25,1,0,32,0.11851851851851852
83,26,3,0,20,0.07407407407407407
83,27,4,0,45,0.16666666666666666
83,28,1,0,40,0.14814814814814814
83,29,5,0,70,0.25925925925925924
83,30,1,1,35,0.12962962962962962
83,31,1,0,79,0.29259259259259257
83,32,0,0,18,0.06666666666666667
83,33,1,1,30,0.1111111111111111
83,34,1,0,30,0.1111111111111111
83,35,5,0,45,0.16666666666666666
83,36,3,0,25,0.09259259259259259
83,37,3,1,18,0.06666666666666667
83,38,4,1,91,0.337037037037037
83,39,2,0,71,0.26296296296296295
83,40,0,0,54,0.2
83,41,0,1,27,0.1
84,0,0,1,20,0.07407407407407407
84,1,0,0,17,0.06296296296296296
84,2,0,0,19,0.07037037037037037
84,3,3,0,16,0.05925925925925926
84,4,4,0,111,0.4111111111111111
84,5,0,0,26,0.0962962962962963
84,6,1,0,57,0.2111111111111111
84,7,4,0,105,0.3888888888888889
84,8,4,0,32,0.11851851851851852
84,9,5,0,48,0.17777777777777778
84,10,3,0,53,0.1962962962962963
84,11,3,0,26,0.0962962962962963
84,12,0,0,26,0.0962962962962963
84,13,5,0,92,0.34074074074074073
84,14,2,0,65,0.24074074074074073
84,15,0,0,24,0.08888888888888889
84,16,0,0,50,0.18518518518518517
84,17,5,1,48,0.17777777777777778
84,18,1,0,35,0.12962962962962962
84,19,2,0,88,0.32592592592592595
84,20,5,0,57,0.2111111111111111
84,21,1,0,39,0.14444444444444443
84,22,3,0,23,0.08518518518518518
84,23,2,0,78,0.28888888888888886
84,24,5,0,59,0.21851851851851853
84,25,2,0,49,0.1814814814814815
84,26,1,1,70,0.25925925925925924
84,27,1,0,35,0.12962962962962962
84,28,5,0,46,0.17037037037037037
84,29,1,1,33,0.12222222222222222
84,30,0,0,15,0.05555555555555555
84,31,4,0,50,0.18518518518518517
84,32,0,1,16,0.05925925925925926
84,33,3,1,19,0.07037037037037037
84,34,2,0,74,0.2740740740740741
84,35,3,0,19,0.07037037037037037
84,36,3,0,33,0.12222222222222222
84,37,3,0,20,0.07407407407407407
84,38,0,1,17,0.06296296296296296
84,39,5,0,83,0.3074074074074074
84,40,1,0,31,0.11481481481481481
84,41,2,0,46,0.17037037037037037
84,42,3,0,20,0.07407407407407407
84,43,0,0,16,0.05925925925925926
84,44,1,0,78,0.28888888888888886
85,0,1,0,32,0.11851851851851852
85,1,1,1,32,0.11851851851851852
85,2,3,0,17,0.06296296296296296
85,3,4,0,53,0.1962962962962963
85,4,2,0,70,0.25925925925925924
85,5,1,0,34,0.1259259259259259
85,6,5,1,56,0.2074074074074074
85,7,3,0,16,0.05925925925925926
85,8,5,1,87,0.32222222222222224
85,9,2,1,53,0.1962962962962963
85,10,4,0,35,0.12962962962962962
85,11,0,0,28,0.1037037037037037
85,12,3,0,16,0.05925925925925926
85,13,5,0,51,0.18888888888888888
85,14,1,0,35,0.12962962962962962
85,15,4,0,65,0.24074074074074073
85,16,4,0,46,0.17037037037037037
85,17,1,0,31,0.11481481481481481
85,18,1,0,35,0.12962962962962962
85,19,3,0,45,0.16666666666666666
85,20,0,1,20,0.07407407407407407
85,21,1,0,36,0.13333333333333333
85,22,4,1,32,0.11851851851851852
85,23,2,0,62,0.22962962962962963
85,24,0,0,114,0.4222222222222222
85,25,2,0,84,0.3111111111111111
85,26,3,0,33,0.12222222222222222
85,27,1,1,34,0.1259259259259259
85,28,5,1,46,0.17037037037037037
85,29,1,0,57,0.2111111111111111
85,30,0,0,22,0.08148148148148149
85,31,1,1,66,0.24444444444444444
85,32,4,0,56,0.2074074074074074
85,33,5,0,74,0.2740740740740741
85,34,5,1,75,0.2777777777777778
85,35,0,0,23,0.08518518518518518
85,36,1,0,63,0.23333333333333334
85,37,0,0,20,0.07407407407407407
85,38,1,0,36,0.13333333333333333
85,39,3,0,16,0.05925925925925926
85,40,3,0,17,0.06296296296296296
85,41,2,0,91,0.337037037037037
85,42,0,0,15,0.05555555555555555
85,43,2,0,55,0.2037037037037037
85,44,0,1,32,0.11851851851851852
85,45,4,0,67,0.24814814814814815
85,46,3,0,16,0.05925925925925926
85,47,3,0,21,0.07777777777777778
85,48,5,0,76,0.2814814814814815
85,49,0,0,31,0.11481481481481481
86,0,5,0,51,0.18888888888888888
86,1,4,1,46,0.17037037037037037
86,2,0,0,32,0.11851851851851852
86,3,1,0,128,0.4740740740740741
86,4,0,0,16,0.05925925925925926
86,5,5,0,48,0.17777777777777778
86,6,2,0,50,0.18518518518518517
86,7,1,0,39,0.14444444444444443
86,8,1,1,35,0.12962962962962962
86,9,5,0,55,0.2037037037037037
86,10,5,0,77,0.2851851851851852
86,11,5,1,48,0.17777777777777778
86,12,4,0,65,0.24074074074074073
86,13,5,0,68,0.2518518518518518
87,0,5,0,48,0.17777777777777778
87,1,5,0,49,0.1814814814814815
87,2,2,0,46,0.17037037037037037
87,3,1,0,52,0.1925925925925926
87,4,0,0,18,0.06666666666666667
87,5,3,0,17,0.06296296296296296
87,6,3,0,15,0.05555555555555555
87,7,3,0,18,0.06666666666666667
87,8,4,1,47,0.17407407407407408
87,9,1,0,149,0.5518518518518518
87,10,1,0,93,0.34444444444444444
87,11,4,0,32,0.11851851851851852
87,12,2,1,62,0.22962962962962963
87,13,2,0,70,0.25925925925925924
87,14,4,0,35,0.12962962962962962
87,15,4,0,33,0.12222222222222222
87,16,2,0,58,0.21481481481481482
87,17,5,0,103,0.3814814814814815
87,18,3,0,27,0.1
87,19,1,1,43,0.15925925925925927
87,20,5,0,54,0.2
87,21,4,0,47,0.17407407407407408
87,22,0,1,20,0.07407407407407407
87,23,5,0,111,0.4111111111111111
87,24,1,1,32,0.11851851851851852
87,25,1,0,51,0.18888888888888888
87,26,5,1,70,0.25925925925925924
87,27,0,0,34,0.1259259259259259
87,28,0,0,34,0.1259259259259259
87,29,1,1,39,0.14444444444444443
87,30,4,0,32,0.11851851851851852
87,31,2,0,96,0.35555555555555557
87,32,1,0,34,0.1259259259259259
87,33,1,0,37,0.13703703703703704
87,34,1,1,34,0.1259259259259259
87,35,0,0,16,0.05925925925925926
88,0,3,0,29,0.10740740740740741
88,1,1,1,48,0.17777777777777778
88,2,4,0,44,0.16296296296296298
88,3,1,0,61,0.22592592592592592
88,4,1,0,49,0.1814814814814815
88,5,5,0,98,0.362962962962963
88,6,1,0,32,0.11851851851851852
88,7,4,1,36,0.13333333333333333
88,8,5,0,103,0.3814814814814815
88,9,3,1,28,0.1037037037037037
88,10,0,0,17,0.06296296296296296
88,11,4,0,35,0.12962962962962962
88,12,2,1,71,0.26296296296296295
88,13,0,0,24,0.08888888888888889
89,0,4,0,32,0.11851851851851852
89,1,4,0,44,0.16296296296296298
89,2,0,0,31,0.11481481481481481
89,3,5,0,129,0.4777777777777778
89,4,0,0,30,0.1111111111111111
89,5,1,0,54,0.2
89,6,5,0,51,0.18888888888888888
89,7,4,1,46,0.17037037037037037
89,8,5,0,48,0.17777777777777778
89,9,3,0,17,0.06296296296296296
89,10,3,0,21,0.07777777777777778
89,11,3,1,16,0.05925925925925926
89,12,0,0,19,0.07037037037037037
89,13,0,1,15,0.05555555555555555
89,14,5,1,75,0.2777777777777778
89,15,1,1,41,0.15185185185185185
89,16,1,1,33,0.12222222222222222
90,0,1,1,61,0.22592592592592592
90,1,1,0,69,0.25555555555555554
90,2,1,0,43,0.15925925925925927
90,3,3,0,15,0.05555555555555555
90,4,1,0,46,0.17037037037037037
90,5,0,1,15,0.05555555555555555
90,6,4,0,36,0.13333333333333333
90,7,2,0,127,0.4703703703703704
90,8,0,0,38,0.14074074074074075
90,9,0,0,17,0.06296296296296296
90,10,2,0,74,0.2740740740740741
90,11,2,1,108,0.4
90,12,5,1,63,0.23333333333333334
90,13,2,0,102,0.37777777777777777
90,14,5,0,76,0.2814814814814815
90,15,1,0,38,0.14074074074074075
90,16,3,0,40,0.14814814814814814
90,17,2,0,99,0.36666666666666664
90,18,0,1,19,0.07037037037037037
90,19,1,1,42,0.15555555555555556
90,20,5,0,64,0.23703703703703705
90,21,0,1,22,0.08148148148148149
90,22,2,0,67,0.24814814814814815
90,23,1,0,33,0.12222222222222222
90,24,2,0,45,0.16666666666666666
90,25,0,0,20,0.07407407407407407
90,26,3,0,18,0.06666666666666667
90,27,5,1,47,0.17407407407407408
90,28,1,0,35,0.12962962962962962
90,29,0,0,16,0.05925925925925926
90,30,2,0,59,0.21851851851851853
90,31,4,0,51,0.18888888888888888
90,32,1,1,57,0.2111111111111111
91,0,0,1,21,0.07777777777777778
91,1,4,0,43,0.15925925925925927
91,2,5,0,56,0.2074074074074074
91,3,3,0,32,0.11851851851851852
91,4,2,0,88,0.32592592592592595
91,5,5,0,46,0.17037037037037037
91,6,1,1,81,0.3
91,7,1,1,31,0.11481481481481481
91,8,4,0,33,0.12222222222222222
91,9,0,0,21,0.07777777777777778
91,10,0,0,18,0.06666666666666667
91,11,3,0,23,0.08518518518518518
91,12,3,1,17,0.06296296296296296
91,13,5,0,46,0.17037037037037037
91,14,5,1,177,0.6555555555555556
91,15,4,0,54,0.2
91,16,5,0,50,0.18518518518518517
91,17,1,0,38,0.14074074074074075
91,18,1,1,33,0.12222222222222222
91,19,3,1,15,0.05555555555555555
91,20,5,0,89,0.3296296296296296
91,21,2,0,58,0.21481481481481482
91,22,4,0,58,0.21481481481481482
91,23,5,0,122,0.45185185185185184
91,24,5,0,104,0.3851851851851852
91,25,5,0,66,0.24444444444444444
91,26,3,1,19,0.07037037037037037
91,27,4,0,86,0.31851851851851853
91,28,4,1,30,0.1111111111111111
91,29,3,0,24,0.08888888888888889
91,30,4,0,31,0.11481481481481481
91,31,5,0,49,0.1814814814814815
91,32,4,0,31,0.11481481481481481
92,0,0,0,24,0.08888888888888889
92,1,2,1,45,0.16666666666666666
92,2,2,0,52,0.1925925925925926
92,3,0,1,44,0.16296296296296298
92,4,4,0,38,0.14074074074074075
92,5,3,0,33,0.12222222222222222
92,6,5,0,120,0.4444444444444444
92,7,2,0,117,0.43333333333333335
92,8,2,0,46,0.17037037037037037
92,9,5,0,92,0.34074074074074073
92,10,5,1,46,0.17037037037037037
92,11,5,0,57,0.2111111111111111
92,12,0,0,19,0.07037037037037037
92,13,2,0,66,0.24444444444444444
92,14,2,0,50,0.18518518518518517
92,15,5,0,60,0.2222222222222222
92,16,4,0,33,0.12222222222222222
92,17,2,0,51,0.18888888888888888
92,18,3,0,59,0.21851851851851853
92,19,0,0,29,0.10740740740740741
92,20,3,0,22,0.08148148148148149
92,21,3,0,53,0.1962962962962963
92,22,5,0,58,0.21481481481481482
92,23,1,0,58,0.21481481481481482
92,24,1,0,35,0.12962962962962962
93,0,1,0,60,0.2222222222222222
93,1,4,0,36,0.13333333333333333
93,2,2,0,68,0.2518518518518518
93,3,3,0,27,0.1
93,4,5,0,67,0.24814814814814815
93,5,2,0,50,0.18518518518518517
93,6,2,0,60,0.2222222222222222
93,7,1,0,46,0.17037037037037037
93,8,1,0,34,0.1259259259259259
93,9,0,0,18,0.06666666666666667
93,10,4,0,39,0.14444444444444443
93,11,1,0,34,0.1259259259259259
93,12,5,1,50,0.18518518518518517
93,13,0,0,32,0.11851851851851852
93,14,5,0,55,0.2037037037037037
93,15,1,0,31,0.11481481481481481
93,16,3,0,16,0.05925925925925926
93,17,3,0,23,0.08518518518518518
93,18,4,0,99,0.36666666666666664
93,19,2,1,195,0.7222222222222222
93,20,3,0,15,0.05555555555555555
93,21,4,0,32,0.11851851851851852
93,22,0,1,18,0.06666666666666667
93,23,2,0,70,0.25925925925925924
94,0,0,0,16,0.05925925925925926
94,1,1,1,34,0.1259259259259259
94,2,3,0,18,0.06666666666666667
94,3,3,0,15,0.05555555555555555
94,4,2,0,133,0.4925925925925926
94,5,2,0,66,0.24444444444444444
94,6,0,0,20,0.07407407407407407
94,7,0,0,35,0.12962962962962962
94,8,3,0,19,0.07037037037037037
94,9,0,0,20,0.07407407407407407
94,10,2,0,236,0.8740740740740741
94,11,1,0,55,0.2037037037037037
94,12,0,0,19,0.07037037037037037
94,13,0,0,27,0.1
94,14,5,0,77,0.2851851851851852
94,15,5,0,80,0.2962962962962963
94,16,0,0,27,0.1
94,17,1,0,40,0.14814814814814814
94,18,0,0,18,0.06666666666666667
94,19,2,0,49,0.1814814814814815
94,20,3,1,28,0.1037037037037037
94,21,0,0,16,0.05925925925925926
94,22,1,0,48,0.17777777777777778
94,23,1,0,64,0.23703703703703705
94,24,0,0,17,0.06296296296296296
94,25,0,0,28,0.1037037037037037
94,26,0,0,21,0.07777777777777778
94,27,5,1,59,0.21851851851851853
94,28,2,0,53,0.1962962962962963
94,29,3,1,16,0.05925925925925926
94,30,2,1,95,0.35185185185185186
94,31,4,0,37,0.13703703703703704
94,32,1,0,49,0.1814814814814815
94,33,5,0,54,0.2
94,34,2,0,47,0.17407407407407408
94,35,1,0,31,0.11481481481481481
94,36,3,1,19,0.07037037037037037
94,37,1,0,48,0.17777777777777778
94,38,3,0,23,0.08518518518518518
94,39,3,0,25,0.09259259259259259
94,40,4,0,35,0.12962962962962962
94,41,3,0,34,0.1259259259259259
94,42,5,0,49,0.1814814814814815
94,43,1,0,38,0.14074074074074075
95,0,1,0,34,0.1259259259259259
95,1,5,0,52,0.1925925925925926
95,2,2,0,50,0.18518518518518517
95,3,2,0,49,0.1814814814814815
95,4,4,0,35,0.12962962962962962
95,5,4,0,34,0.1259259259259259
95,6,1,1,31,0.11481481481481481
95,7,4,0,42,0.15555555555555556
95,8,1,0,44,0.16296296296296298
95,9,3,0,26,0.0962962962962963
95,10,4,0,40,0.14814814814814814
95,11,5,0,68,0.2518518518518518
95,12,1,0,49,0.1814814814814815
95,13,2,1,163,0.6037037037037037
95,14,0,0,16,0.05925925925925926
95,15,2,0,57,0.2111111111111111
95,16,3,0,53,0.1962962962962963
95,17,1,1,36,0.13333333333333333
95,18,2,0,55,0.2037037037037037
95,19,1,0,33,0.12222222222222222
95,20,0,0,20,0.07407407407407407
95,21,1,0,47,0.17407407407407408
95,22,2,0,47,0.17407407407407408
95,23,5,0,51,0.18888888888888888
95,24,0,0,15,0.05555555555555555
95,25,4,0,47,0.17407407407407408
95,26,0,1,16,0.05925925925925926
95,27,3,0,15,0.05555555555555555
96,0,4,0,40,0.14814814814814814
96,1,5,0,84,0.3111111111111111
96,2,1,0,82,0.3037037037037037
96,3,5,1,64,0.23703703703703705
96,4,0,1,16,0.05925925925925926
96,5,1,0,34,0.1259259259259259
96,6,4,0,69,0.25555555555555554
96,7,4,0,37,0.13703703703703704
96,8,3,1,15,0.05555555555555555
96,9,5,0,49,0.1814814814814815
96,10,3,0,17,0.06296296296296296
96,11,0,0,19,0.07037037037037037
96,12,1,0,54,0.2
96,13,5,0,46,0.17037037037037037
96,14,1,0,44,0.16296296296296298
96,15,4,1,43,0.15925925925925927
96,16,4,0,39,0.14444444444444443
96,17,3,0,16,0.05925925925925926
96,18,5,0,85,0.3148148148148148
96,19,5,1,53,0.1962962962962963
96,20,0,0,16,0.05925925925925926
96,21,1,0,31,0.11481481481481481
96,22,0,0,16,0.05925925925925926
96,23,5,0,66,0.24444444444444444
97,0,5,0,79,0.29259259259259257
97,1,3,1,21,0.07777777777777778
97,2,0,0,39,0.14444444444444443
97,3,3,0,16,0.05925925925925926
97,4,2,1,62,0.22962962962962963
97,5,3,0,21,0.07777777777777778
97,6,5,0,53,0.1962962962962963
97,7,2,0,92,0.34074074074074073
97,8,1,0,31,0.11481481481481481
97,9,4,0,37,0.13703703703703704
97,10,2,0,112,0.4148148148148148
97,11,2,0,156,0.5777777777777777
97,12,3,0,16,0.05925925925925926
97,13,1,0,35,0.12962962962962962
97,14,3,0,127,0.4703703703703704
97,15,5,0,50,0.18518518518518517
97,16,1,0,31,0.11481481481481481
98,0,5,1,53,0.1962962962962963
98,1,1,0,37,0.13703703703703704
98,2,4,0,32,0.11851851851851852
98,3,0,0,25,0.09259259259259259
98,4,0,1,33,0.12222222222222222
98,5,0,1,20,0.07407407407407407
98,6,3,0,17,0.06296296296296296
98,7,3,0,20,0.07407407407407407
98,8,3,0,21,0.07777777777777778
98,9,0,0,22,0.08148148148148149
98,10,0,1,18,0.06666666666666667
98,11,1,0,110,0.4074074074074074
98,12,3,0,22,0.08148148148148149
98,13,4,0,152,0.562962962962963
98,14,4,0,35,0.12962962962962962
98,15,5,0,46,0.17037037037037037
98,16,4,0,33,0.12222222222222222
98,17,5,0,50,0.18518518518518517
99,0,0,0,17,0.06296296296296296
99,1,5,0,71,0.26296296296296295
99,2,3,0,22,0.08148148148148149
99,3,2,0,51,0.18888888888888888
99,4,1,0,34,0.1259259259259259
99,5,3,1,18,0.06666666666666667
99,6,3,0,21,0.07777777777777778
99,7,0,0,25,0.09259259259259259
99,8,5,1,69,0.25555555555555554
99,9,5,0,83,0.3074074074074074
99,10,4,0,40,0.14814814814814814
99,11,3,0,16,0.05925925925925926
99,12,1,1,31,0.11481481481481481
99,13,0,0,24,0.08888888888888889
99,14,0,0,16,0.05925925925925926
99,15,1,0,34,0.1259259259259259
99,16,1,0,30,0.1111111111111111
99,17,5,1,52,0.1925925925925926
99,18,3,1,21,0.07777777777777778
99,19,0,0,47,0.17407407407407408
99,20,1,0,33,0.12222222222222222
99,21,2,0,96,0.35555555555555557
99,22,2,0,99,0.36666666666666664
99,23,3,0,17,0.06296296296296296
99,24,2,0,52,0.1925925925925926
99,25,4,0,41,0.15185185185185185
99,26,5,0,62,0.22962962962962963
99,27,3,0,32,0.11851851851851852
99,28,0,1,15,0.05555555555555555
99,29,3,1,56,0.2074074074074074
99,30,0,0,28,0.1037037037037037
99,31,0,1,20,0.07407407407407407
99,32,0,0,26,0.0962962962962963
99,33,1,0,33,0.12222222222222222
99,34,0,0,16,0.05925925925925926
99,35,5,0,49,0.1814814814814815
99,36,2,0,48,0.17777777777777778
99,37,5,0,59,0.21851851851851853
99,38,1,0,45,0.16666666666666666
99,39,3,1,30,0.1111111111111111
99,40,3,0,18,0.06666666666666667
